Weekdag,Aardgas,Ander,Nucleair,Olie,Steenkool,Water,Wind
Maandag,2151.88349255177,573.6812772879092,4208.400553674015,0.5160007348029392,0.0,149.0921802271209,771.5711033734135
Dinsdag,2322.6801160486366,577.0522508397152,4222.152774250974,0.5852981996506785,0.0,146.32290222356576,739.1363199314793
Woensdag,2350.8143858151757,575.8529806205443,4224.016656692439,0.6335329852394819,0.0,141.7462038357265,754.043918197945
Donderdag,2305.845599839185,572.344758576789,4221.517450247923,0.4466608818011257,0.0,141.11912831680513,763.2286821227553
Vrijdag,2153.74169896472,574.632937347137,4224.2950865078565,0.3662456193252253,0.0,141.91316869367105,778.0986116192582
Zaterdag,1552.2495069007102,566.1470333645987,4191.0690714190005,0.10413128098619859,0.0,124.00427304703202,783.8230212716066
Zondag,1379.5400539780337,561.9341891909992,4192.108964505759,0.2461035025448701,0.0,109.95900197562281,767.0557873024378
