Weekdag,Aardgas,Ander,Nucleair,Olie,Steenkool,Water,Wind
Maandag,2189.430845587237,584.99053934148,4234.078685200271,0.5753804480651731,0.0,150.34989789545145,734.2833086558044
Dinsdag,2353.0010125269537,590.1251585378376,4249.673880583222,0.5955215799021117,0.0,147.5712201458055,707.181776089263
Woensdag,2370.020101443355,588.8754226919934,4252.1156283020155,0.645240162037037,0.0,143.30473549836603,734.2350804398149
Donderdag,2322.8503092481615,585.1480145736857,4249.759287081177,0.44733400299645876,0.0,141.61918176246255,746.8917846295288
Vrijdag,2184.856849679006,586.2855042685425,4249.809837624642,0.3732868802076219,0.0,142.71798306242317,751.6270998497473
Zaterdag,1574.9225805779477,577.0036978412352,4214.954378467004,0.10711459898893293,0.0,125.02748449241699,748.9983483740948
Zondag,1410.0067755701216,572.4036222176704,4216.118088385908,0.2509092926396286,0.0,111.00265185033456,724.8273162296873
