Weekdag,Aardgas,Ander,Nucleair,Olie,Steenkool,Water,Wind
Maandag,2288.4039037303974,612.8533669412324,4362.970244099477,0.6197242990654206,0.0,150.0539089577063,710.2917482179629
Dinsdag,2440.3783417105474,617.8901770783469,4376.42009310675,0.6630983325355034,0.0,146.81204802936014,694.724070248923
Woensdag,2464.034460987009,617.0222656051965,4380.709393813371,0.7240302994296578,0.0,143.02907707541192,712.4551259505703
Donderdag,2411.783462163233,611.4712246434232,4376.211561846276,0.5081368066561014,0.0,141.0195797147385,728.2077850633915
Vrijdag,2286.3400826045477,612.784799570679,4378.684941206869,0.4051355143902051,0.0,142.12532998091908,727.3368209969788
Zaterdag,1662.439190909814,601.2052811356768,4349.013003340226,0.09574439319230159,0.0,123.09741661364721,738.0594120407189
Zondag,1486.2628459704338,596.6151642028294,4350.341375139087,0.24856878874582736,0.0,111.69898323001114,711.949180933079
