Weekdag,Aardgas,Ander,Nucleair,Olie,Steenkool,Water,Wind
Maandag,2146.441767234684,555.1249353099731,4469.580595458906,0.5913484855406825,0.0,150.18914756270274,813.9643709168988
Dinsdag,2322.1704224880823,558.3662324899157,4480.729422121379,0.6269602126879354,0.0,147.4224542537587,777.6532019160248
Woensdag,2351.949868101243,558.5078562225877,4481.565190698099,0.6482659448099416,0.0,142.41281811951754,818.7442089729532
Donderdag,2290.9642696983547,553.2861324954296,4476.9316269652645,0.45170315356489943,0.0,142.02819053930529,834.1604819469835
Vrijdag,2116.776143650211,552.7914940356028,4477.497043494219,0.3103343732795008,0.0,141.6158547898697,864.1775253257479
Zaterdag,1516.2216821644943,546.8196554525427,4447.027576051038,0.11617986965302,0.0,128.82120543418395,837.425004681476
Zondag,1355.7330768348625,544.3062525229358,4448.8367905963305,0.2411405963302752,0.0,109.73579463302751,803.7838717431192
