Weekdag,Aardgas,Ander,Nucleair,Olie,Steenkool,Water,Wind
Maandag,2246.0506130156678,598.052497628288,4288.125697067701,0.5918516961333908,0.0,151.8024067126635,733.2659248598534
Dinsdag,2416.275949638467,603.177306977585,4303.177670065076,0.6227984092552422,0.0,149.31353510484453,695.4871594360086
Woensdag,2433.3345529454023,600.6623728089081,4305.103122198276,0.6776248922413793,0.0,145.1469369612069,721.6283617816092
Donderdag,2376.0220839321646,596.1563467591262,4302.294377874389,0.4699492311008911,0.0,143.19837931158378,743.9762543475138
Vrijdag,2242.235029659795,597.6120929796742,4302.449447816059,0.3864699798183653,0.0,143.80112314401038,745.0007212411706
Zaterdag,1624.574686435468,588.8737183307417,4271.159146421726,0.0872899142950132,0.0,125.08624926771056,731.8003586229343
Zondag,1453.7530940708605,584.066988033261,4271.637622668113,0.26429396240057845,0.0,111.9686384671005,713.7920500361532
