Weekdag,Aardgas,Ander,Nucleair,Olie,Steenkool,Water,Wind
Maandag,2126.9752447100063,572.6642728808158,4202.202722785213,0.5484199490121097,0.0,150.35481096239644,767.7719553537285
Dinsdag,2298.2586037421506,577.1239304754582,4215.736888824811,0.5641963988209663,0.0,147.84931157887993,740.1685577342048
Woensdag,2314.5008965341485,574.3973763060652,4215.172551063965,0.6047095756880735,0.0,143.26699630479104,763.288624745158
Donderdag,2262.84037490441,572.1588826790722,4214.523956570227,0.4450934552638287,0.0,143.08353160846292,776.0695666263064
Vrijdag,2113.623877507987,573.2139468051118,4214.682326357827,0.3505096166134185,0.0,143.68965057507987,792.2128214696485
Zaterdag,1533.1470050297944,565.220892067662,4183.371214262831,0.10046411866470174,0.0,123.78570176843724,776.5283518293073
Zondag,1364.9807669165705,561.0310721837754,4185.126035755478,0.2354746571831347,0.0,111.09259467512496,764.1951723696014
