Weekdag,Aardgas,Ander,Nucleair,Olie,Steenkool,Water,Wind
Maandag,2299.282418222119,612.6647810312645,4365.519498522321,0.609015165655623,0.0,150.99114621247472,710.0158331389018
Dinsdag,2461.912712580241,618.0342370048536,4378.361585329576,0.6506409895099421,0.0,147.7183554877094,689.4713518475027
Woensdag,2477.708902985075,616.0340162080224,4379.847753303793,0.7276408193407959,0.0,143.9275952658582,715.1244837142413
Donderdag,2424.6679711508555,610.7108710730948,4375.311507231727,0.49865369362363915,0.0,141.46225874805597,737.4470629860032
Vrijdag,2297.3905453300467,612.225534530657,4379.048095433736,0.40550710177250854,0.0,142.26320272332433,735.5274637868295
Zaterdag,1677.5893945636847,601.3646625019583,4350.168162658624,0.09430440231865894,0.0,122.7274290694031,729.9176500078333
Zondag,1493.4136530061062,596.5751012995146,4351.431918780335,0.24483266791921088,0.0,111.8100260685768,713.0416364490371
