Weekdag,Aardgas,Ander,Nucleair,Olie,Steenkool,Water,Wind
Maandag,2299.54612910368,609.601562414109,4355.610489998473,0.6164180790960452,0.0,151.67799244159414,725.4498907466789
Dinsdag,2468.582123213462,615.4655423005994,4368.10060600123,0.6509668433994161,0.0,147.74460842169972,690.4432029737205
Woensdag,2485.4396586920025,613.2342978479853,4369.576427197802,0.7160439560439561,0.0,144.09571211080586,718.5532420634921
Donderdag,2420.8360764122135,608.2425386259542,4365.028134083969,0.4895180534351145,0.0,141.8650140076336,744.8659906488549
Vrijdag,2295.613889814886,610.0611881480912,4369.603859743452,0.40022086949842534,0.0,142.4862848145019,743.3816891082264
Zaterdag,1676.193141127172,599.4661632323542,4340.675761302476,0.09256420113793634,0.0,123.21639566353991,734.1730176072583
Zondag,1494.0748783233441,594.0205454510527,4341.896902297526,0.2403175426463808,0.0,112.05498670662364,719.6374852850776
