Weekdag,Aardgas,Ander,Nucleair,Olie,Steenkool,Water,Wind
Maandag,2290.8492465011286,606.8855661023325,4342.726268284424,0.6146789691497366,0.0,152.11317231000754,728.269736192626
Dinsdag,2455.5308086475843,612.5186954793276,4354.819883613509,0.6512033166742389,0.0,149.06115258215962,696.3589969710738
Woensdag,2472.7946935920577,610.6706997593261,4356.166611913357,0.7073182536101084,0.0,144.97685454271962,724.8658658619133
Donderdag,2405.2111251880833,605.5823983599157,4351.608951963587,0.48917939362022267,0.0,142.79360844869095,755.8943982470659
Vrijdag,2282.281037815126,607.1198654326596,4355.419026497085,0.3946929744870921,0.0,143.84055238852298,749.7961097736392
Zaterdag,1663.571573836945,596.9275694423397,4327.380210107592,0.09144673435368995,0.0,123.57614581754811,737.9304944309744
Zondag,1485.3687733605939,591.7754812963805,4329.097868771771,0.2536472058155384,0.0,112.1828741481145,719.7913879297289
