Weekdag,Aardgas,Ander,Nucleair,Olie,Steenkool,Water,Wind
Maandag,2113.2401097468833,570.4797454036016,4187.685954036016,0.5422620576753557,0.0,151.2158809658733,767.9005295302859
Dinsdag,2282.0148118116217,574.7064890808963,4200.972882928219,0.5586536903405495,0.0,147.99934947461705,744.4941959108749
Woensdag,2301.857674312216,572.4789242491166,4202.367472078496,0.5989097362443211,0.0,143.84968999242807,764.5698178634528
Donderdag,2252.436866790856,570.6015344784037,4202.074861107603,0.44263276711290733,0.0,143.4681767807527,776.7480612212679
Vrijdag,2101.5290792072938,571.4992159364315,4202.648187096365,0.3473138850196277,0.0,144.18918595669243,796.569877326833
Zaterdag,1520.3877843255225,563.3205183027231,4168.264762982901,0.09929977834072198,0.0,124.3348553831539,782.075834768841
Zondag,1354.0658201354602,558.9622323395366,4170.05104696797,0.23261283073806813,0.0,111.07523588428914,769.6769225534879
