Weekdag,Aardgas,Ander,Nucleair,Olie,Steenkool,Water,Wind
Maandag,2262.0077781080286,602.0478262879789,4306.403964259504,0.6043611111111111,0.0,151.4112020769118,730.6801148172611
Dinsdag,2430.4086631959826,607.3928101462118,4319.686000184611,0.6358109584994831,0.0,149.10142128193766,696.591793715847
Woensdag,2448.282110035211,605.4868973004694,4321.885540492958,0.6898843529929578,0.0,145.00218287852113,719.0864927743544
Donderdag,2380.8201056281187,600.2151529204579,4317.365181464632,0.47898572791312005,0.0,143.21916543146463,752.2321241194599
Vrijdag,2258.9865190667797,602.2797832330466,4322.389986119828,0.38785580863080954,0.0,143.77212185758057,752.3868988519325
Zaterdag,1641.7567290897,592.9967123171273,4290.941243460913,0.08917644451012266,0.0,124.37481080981233,733.4439067164179
Zondag,1466.680612021858,587.9227410648353,4292.403983089647,0.26991474671392707,0.0,112.22398678186383,714.9910521341013
