Weekdag,Aardgas,Ander,Nucleair,Olie,Steenkool,Water,Wind
Maandag,2299.615911499481,613.5115350730189,4358.6051564919,0.6244225520708643,0.0,149.63262066076132,704.7990336365813
Dinsdag,2451.495123934716,618.5247882296189,4372.059280712333,0.6682163129120438,0.0,146.56623082489148,685.8946434716192
Woensdag,2477.993707375479,617.6308173690933,4376.525675846105,0.7295784243295019,0.0,142.6608430316092,700.1829224537037
Donderdag,2422.6173952810605,611.5230417598211,4372.053437160652,0.5120318189076972,0.0,140.58763530022358,718.1493141967422
Vrijdag,2298.1937805239545,613.0161141643968,4374.494814653101,0.4082514420765903,0.0,141.8448043983336,718.1671204133952
Zaterdag,1670.8307066036223,601.8523153550249,4344.63984476679,0.09648100657156597,0.0,122.75901550729283,727.0266544718704
Zondag,1494.074945979497,597.4626977414705,4345.989812229697,0.2504799375300336,0.0,111.26909506647446,701.8218517940093
