Weekdag,Aardgas,Ander,Nucleair,Olie,Steenkool,Water,Wind
Maandag,2144.1813607350095,556.9706185598734,4476.909767759803,0.5701669157728152,0.0,149.34936222964654,786.89849995604
Dinsdag,2312.0724502647836,559.2542249779347,4489.004986010591,0.6036082965578111,0.0,146.4785,756.9807046778463
Woensdag,2342.53073019933,558.9724316016934,4491.003812488975,0.6261265214323514,0.0,141.4984377315223,796.2354496824837
Donderdag,2280.1666607205934,553.7397551660191,4487.156989623808,0.4363857735782409,0.0,140.20779984987638,820.9937960526316
Vrijdag,2118.6648162559827,554.6628509572771,4486.0586747030675,0.3133845062932104,0.0,141.17647823967383,838.6349485020387
Zaterdag,1515.7944271183444,549.1927130157887,4453.705761753129,0.11194617901998938,0.0,128.26916730794747,822.1704218300827
Zondag,1358.9260595217083,546.1861335598305,4456.7102950935405,0.23194780268266854,0.0,109.00010148252734,785.5274439639957
