Weekdag,Aardgas,Ander,Nucleair,Olie,Steenkool,Water,Wind
Maandag,1991.9999552819866,520.1749105639731,4387.010857954545,0.6743288089225589,0.0,152.6250444023569,878.9874925294613
Dinsdag,2192.793805713384,521.4844792718856,4402.998638994108,0.7008352798821549,0.0,149.02472301136365,835.9349348695287
Woensdag,2202.272889257155,518.5061940761784,4403.935728167087,0.6517626788720539,0.0,144.09126515151516,878.293953493266
Donderdag,2145.597104782882,516.7964932871827,4400.530721837634,0.5111707572897,0.0,144.50639353891336,881.3339022970422
Vrijdag,1949.3972880604108,515.928237207583,4401.301337117812,0.3362165601732059,0.0,144.48631388287478,919.8091814437345
Zaterdag,1404.2215016395178,511.60738883012476,4364.445945684366,0.1338706896551724,0.0,127.58971948381638,884.5897788237784
Zondag,1241.1736627378436,511.5673050211417,4366.934658086681,0.27784698731501056,0.0,110.97746485200844,865.1797098837209
