Weekdag,Aardgas,Ander,Nucleair,Olie,Steenkool,Water,Wind
Maandag,2290.258129070316,612.8505497483089,4366.718294596508,0.6154348749410099,0.0,150.2870685858109,711.7676044517855
Dinsdag,2450.375374069675,617.9447491686461,4380.484994695171,0.6580581551860649,0.0,147.00952256532068,690.7105112826604
Woensdag,2475.504939268868,616.7518324292453,4384.703914583333,0.7354970911949685,0.0,143.5002920990566,712.0741315644655
Donderdag,2422.9975093189682,611.3628027681661,4380.1708852233405,0.5043006055363322,0.0,141.07307997798048,730.8495924819125
Vrijdag,2298.2227761559097,612.591132988796,4382.605380148335,0.402576495186997,0.0,142.08855227236864,731.4379679264637
Zaterdag,1665.3118768457307,601.2801025691778,4351.516713788053,0.0953160999168679,0.0,122.91381936582083,736.0966024702109
Zondag,1489.2674353127475,596.6804414885194,4352.449306413302,0.24762410926365794,0.0,111.76668543151227,711.1836207046714
