Weekdag,Aardgas,Ander,Nucleair,Olie,Steenkool,Water,Wind
Maandag,2212.4202335456475,569.6695430163705,4171.559042575651,0.7338314801945796,0.0,148.00867261692252,873.310010965688
Dinsdag,2355.1983765822783,585.9914514084508,4153.176887251542,1.2126985320443968,0.0,145.78646739130434,811.3428286014721
Woensdag,2449.776226102941,596.1501549707602,4227.664830334191,0.5170303143712575,0.0,141.63450431344356,790.5703830250272
Donderdag,2403.0596508339377,579.3822815003642,4143.252020198441,0.3552142857142857,0.0,149.79289358600585,892.2019208633093
Vrijdag,2257.6454046529366,585.0649758723088,4169.881805806938,0.2905634110787172,0.0,148.67488781932616,923.5780460526315
Zaterdag,1592.7384311762603,574.9831769753307,4149.067443732193,0.10345943021997835,0.0,127.84837517985612,944.1880084125823
Zondag,1371.956678832117,558.871943772242,4162.123555329949,0.03493144611186903,0.0,118.0516340366655,949.2778641323478
