Weekdag,Aardgas,Ander,Nucleair,Olie,Steenkool,Water,Wind
Maandag,2259.1453909779916,600.4500194213672,4297.64284787203,0.6001329616673954,0.0,151.44050991109168,728.6951461157265
Dinsdag,2427.0374153834873,605.9551031309576,4313.058900828567,0.6313353864202962,0.0,149.16935188444054,696.214364716234
Woensdag,2445.0827464670742,603.0753376311189,4315.347956111596,0.685059986888112,0.0,145.20985281905595,716.6441457604896
Donderdag,2379.49281640782,599.2007413484378,4313.678690407455,0.4770778366526585,0.0,143.16172431938608,749.9447599488398
Vrijdag,2255.2261830717325,600.9026158500807,4313.8479913451665,0.3914277541440516,0.0,143.8599488778055,749.8721452985184
Zaterdag,1637.197011665444,591.6775415260455,4280.979172560528,0.0885483492296405,0.0,124.56622641232575,731.8752621423331
Zondag,1462.8666880774308,586.6763062765801,4282.41488938994,0.2680147748936794,0.0,112.01380777973309,711.5466784719167
