Weekdag,Aardgas,Ander,Nucleair,Olie,Steenkool,Water,Wind
Maandag,2291.2984092888246,609.2159492017416,4672.890140783745,0.44348476052249636,0.0,169.5226647314949,1027.7183904208998
Dinsdag,2359.4783675595236,619.9125907738095,4665.622510416667,0.0,0.0,171.55145684523808,1035.5884642857143
Woensdag,2338.8185267857143,607.7766666666666,4664.686488095238,0.2855997023809524,0.0,171.9925744047619,1263.5937351190476
Donderdag,2361.6626147308784,593.4775435393259,4681.44976923077,0.8214770514603615,0.0,172.81996940194716,1236.2297573632538
Vrijdag,2211.484448559671,594.0632798913044,4717.556495956873,0.1338100407055631,0.0,181.78044125683058,1120.5799362279513
Zaterdag,1572.4879692513368,556.0863031914894,4818.848120643432,0.0,0.0,147.498935828877,1208.9728099062918
Zondag,1335.0623372395833,579.4103697916667,4751.660770833333,1.4170221354166666,0.0,145.12511067708334,1194.2963294270833
