Weekdag,Aardgas,Ander,Nucleair,Olie,Steenkool,Water,Wind
Maandag,2123.828479489459,572.0532466344933,4196.013806229363,0.5468761747523495,0.0,150.46537252349503,766.973606965964
Dinsdag,2293.079261498658,576.7589639708701,4210.551530471445,0.5624663983646353,0.0,147.9138570014054,744.2842287913633
Woensdag,2309.0193646786074,574.0357050940041,4210.024986979167,0.6028659489329269,0.0,143.59416098196138,764.3993034806911
Donderdag,2258.434949364676,571.7169086086404,4209.36687843075,0.44423875476493013,0.0,143.1661132147395,778.0230540343075
Vrijdag,2109.032229487833,572.7109980252261,4209.494277933494,0.34943785832590135,0.0,143.9417729647089,795.1200340170723
Zaterdag,1526.6627730979992,564.3654805021027,4173.869941028419,0.09990719383203772,0.0,124.09320753154073,780.9214113674016
Zondag,1359.3336648834543,560.1523079544007,4174.823278467711,0.2340349955419692,0.0,111.59614950324799,764.314322888804
