Weekdag,Aardgas,Ander,Nucleair,Olie,Steenkool,Water,Wind
Maandag,2207.330924920897,588.7273471247764,4237.814685066722,0.5820930320539277,0.0,150.2257133030678,727.1236657724584
Dinsdag,2368.3945112771553,592.8207769129654,4253.38821609935,0.6018871592638716,0.0,147.66874923896498,700.6846847239518
Woensdag,2385.9551190525303,591.3942487279978,4255.0656298817385,0.6512178217821782,0.0,143.1234423129813,728.1920366130363
Donderdag,2341.4442207586203,588.2457368275863,4253.6306334137935,0.45217362068965516,0.0,140.98254148275862,740.7092462758621
Vrijdag,2204.263465017301,589.4052873356402,4253.799107889273,0.37339923875432524,0.0,142.1972464013841,742.6691376470588
Zaterdag,1589.485821092344,580.2756813304721,4218.4566710854215,0.1085382458812128,0.0,124.38886871798421,736.3434214661498
Zondag,1421.6479276670816,575.6866771827868,4219.628879618099,0.2542422512799225,0.0,110.43103760204788,717.7041288570638
