Weekdag,Aardgas,Ander,Nucleair,Olie,Steenkool,Water,Wind
Maandag,1798.5568079710145,506.1249517663044,4026.5813811141306,0.5468846240942029,0.0,159.04769723731886,804.4489715806159
Dinsdag,1990.9421323512618,508.86469578622814,4045.9437564234327,0.5380845038255111,0.0,163.5570163297933,768.2455761105401
Woensdag,1996.9037857142855,507.16279441391947,4040.471484432234,1.0977576694139195,0.0,153.94398477564104,871.3856339285715
Donderdag,1939.7267332804354,504.4637568302913,4055.827683065065,0.4572443890274314,0.0,152.95574846973474,813.7049900249377
Vrijdag,1733.1424138360508,507.84113247282613,4049.983973845109,0.5040532155797102,0.0,158.90799784873187,871.7270241168478
Zaterdag,1218.735119338768,504.27148301630433,4005.082619112319,0.1380900135869565,0.0,142.35022101449275,835.4700451766305
Zondag,1081.1353788496376,500.75335688405795,4009.710768229167,0.3346218297101449,0.0,114.42021841032609,768.3328163496377
