Weekdag,Aardgas,Ander,Nucleair,Olie,Steenkool,Water,Wind
Maandag,2272.411522771102,603.7632348316273,4322.018385439846,0.6059251965583741,0.0,151.73884394006825,726.284774514167
Dinsdag,2443.202393603523,609.072763248246,4333.815140580684,0.6424814897745933,0.0,148.9429486117331,691.6722038363936
Woensdag,2461.242739077083,607.7942831591864,4339.800153831852,0.6994015914922099,0.0,144.75137831405942,719.912681329714
Donderdag,2397.136473913367,603.0554551949986,4335.973410538851,0.48526853230128014,0.0,142.98888698273294,751.6024548228639
Vrijdag,2273.0261857174855,604.282183813648,4336.489176123638,0.39221390174705095,0.0,143.70792761684336,750.0036215469613
Zaterdag,1651.774027184466,594.2893034353996,4306.787355377147,0.09013547423450335,0.0,123.84781049290517,733.2845406273339
Zondag,1474.8517189505897,589.3555052992983,4308.401126287506,0.27281575608299746,0.0,111.95107139125243,713.6834735781459
