Weekdag,Aardgas,Ander,Nucleair,Olie,Steenkool,Water,Wind
Maandag,1212.0187475490195,381.9269681372549,3452.5830149101307,0.16693688725490197,0.0,150.91037642973856,950.4974859068627
Dinsdag,1369.0694621522096,381.9103700900164,3477.7595182078558,0.08905237315875614,0.0,142.83856035188217,988.6779202127659
Woensdag,1386.2505274999999,373.7637091666667,3450.026010625,0.038711666666666665,0.0,137.93210395833333,993.1899375
Donderdag,1421.2305066666668,389.4733097916667,3473.841351458333,0.20394354166666667,0.0,147.16861583333335,886.4013120833334
Vrijdag,1125.4623697916666,387.88113875,3483.5869866666667,0.096734375,0.0,146.935855625,1036.2826679166667
Zaterdag,780.7840741666666,386.9860602083333,3419.5755222916664,0.15042895833333333,0.0,124.81961125,1023.4104906250001
Zondag,679.7899222085387,387.14400472085384,3412.041695812808,0.008060767809484705,0.0,107.85583230706075,1041.84943226601
