Weekdag,Aardgas,Ander,Nucleair,Olie,Steenkool,Water,Wind
Maandag,2260.4816434474183,601.2898788942518,4300.851344778412,0.6022396153283603,0.0,151.49472608600263,729.4874762688313
Dinsdag,2427.2723007726267,606.6611647167035,4316.398716151582,0.6335652685798381,0.0,149.08551835908756,697.2027934142752
Woensdag,2447.22280003655,604.364436622807,4318.648139656432,0.6874637061403509,0.0,145.12843326023392,717.6468239400585
Donderdag,2380.775990905424,600.0711154424438,4316.933200630753,0.4787573801752906,0.0,143.1508900216363,751.9610430158789
Vrijdag,2256.9667428602975,601.6364648903283,4317.09331377889,0.39281068747239806,0.0,143.86282091859266,752.2297058736935
Zaterdag,1638.0235961198646,592.4215962303048,4284.149409549404,0.08886128699749668,0.0,124.54536912825799,734.0145355985863
Zondag,1464.0951499632083,587.3730486754966,4285.603319242089,0.26896140544518027,0.0,112.3098304267844,713.3010427152317
