Weekdag,Aardgas,Ander,Nucleair,Olie,Steenkool,Water,Wind
Maandag,2211.8690176364394,591.172792494098,4251.16016105402,0.574721427579503,0.0,149.91242199000138,730.9547983960562
Dinsdag,2384.3771353249476,596.2153427672956,4266.386265863033,0.6077392732354996,0.0,147.3286031446541,691.5890739692522
Woensdag,2402.4814969097224,594.1143611458333,4268.735582604167,0.6575266666666667,0.0,142.9142696875,719.6821113541666
Donderdag,2346.2212389552656,590.1622081133648,4266.174272367324,0.45523683662128367,0.0,141.01182880661295,738.3427112739649
Vrijdag,2215.866449073429,591.1583229413404,4266.280273826111,0.375692559565278,0.0,141.9081473108541,734.1835587292741
Zaterdag,1597.3399155749128,582.0619517770035,4230.678077317073,0.10906031358885017,0.0,123.92010519163763,730.9143391637631
Zondag,1426.1574548683661,577.2974612062961,4230.523594546594,0.2557382295584343,0.0,110.23134851650649,718.3856858893996
