Weekdag,Aardgas,Ander,Nucleair,Olie,Steenkool,Water,Wind
Maandag,2220.565908588614,593.2204128899147,4261.42421240733,0.5783799482445097,0.0,150.37142838159184,728.3586069030634
Dinsdag,2393.3685155832277,598.4610434782609,4275.996092479246,0.6109604615168144,0.0,147.7513761080625,688.4157589700295
Woensdag,2411.7915084941274,596.2161969029642,4278.305114583333,0.6603326342281879,0.0,143.2439719309284,715.1198731473713
Donderdag,2352.6762696503497,592.0591541958041,4275.698317447553,0.45780625874125874,0.0,141.37216986013988,738.1042662937062
Vrijdag,2224.3619676322064,593.146958339178,4275.815287908543,0.3777339739093842,0.0,142.4701669939683,733.6262911698694
Zaterdag,1605.3388195089349,584.8167395173772,4243.922642816941,0.10433252427184467,0.0,124.27724757281554,734.4297178837766
Zondag,1433.944728577459,579.9390578303081,4244.9864258477555,0.25763342479245815,0.0,110.73792275221612,718.2253940481215
