Weekdag,Aardgas,Ander,Nucleair,Olie,Steenkool,Water,Wind
Maandag,2235.6804955745897,596.946706067095,4285.060928265524,0.5877961812990721,0.0,152.00748329764454,736.9115749464668
Dinsdag,2406.7130350423668,602.0654724974867,4300.1303296711185,0.6196260232658337,0.0,149.39803881229355,696.9974713485567
Woensdag,2422.2688833476027,599.8392949129566,4302.034878496004,0.6729836258561644,0.0,145.0131644905822,724.666877211758
Donderdag,2364.633163538396,595.3513208321439,4299.187172887525,0.4667294818726806,0.0,143.2073967313731,748.9387027547816
Vrijdag,2235.8359228346458,596.7696172870437,4299.298545848246,0.3838142090193271,0.0,144.06905798138868,743.4949820329277
Zaterdag,1617.900095393674,587.7652185042904,4268.108468854342,0.08666312425950526,0.0,125.43224137435824,735.293330090116
Zondag,1446.3850962228926,582.6681649432716,4268.411932105414,0.2624720307338791,0.0,111.68632737325865,719.7265560462445
