Weekdag,Aardgas,Ander,Nucleair,Olie,Steenkool,Water,Wind
Maandag,2241.688947643604,597.4888844721387,4286.580166451798,0.5898169674831686,0.0,151.92045448359832,732.6606819939836
Dinsdag,2412.491043017726,602.7116138132295,4301.684328541577,0.621769130998703,0.0,149.0802912883701,693.6592466854013
Woensdag,2432.521690623205,600.5998985137852,4304.853317669443,0.6772356763354395,0.0,145.0635670950603,721.3821305643309
Donderdag,2376.0220839321646,596.1563467591262,4302.294377874389,0.4699492311008911,0.0,143.19837931158378,743.9762543475138
Vrijdag,2242.235029659795,597.6120929796742,4302.449447816059,0.3864699798183653,0.0,143.80112314401038,745.0007212411706
Zaterdag,1621.4778598053354,588.2544376712328,4269.871231939438,0.08701614996395098,0.0,125.38764578226389,733.1534115356885
Zondag,1450.093992542153,583.2299543522121,4270.1641038334055,0.2633798457991065,0.0,111.64444977662488,716.8457926934717
