Weekdag,Aardgas,Ander,Nucleair,Olie,Steenkool,Water,Wind
Maandag,2184.737806535552,565.6202410892587,4586.016104810892,0.7279150983358548,0.0,156.83317706505295,847.4658640242058
Dinsdag,2380.5784204215115,569.5880052083334,4598.298099079458,0.7951822916666667,0.0,152.75718544089148,797.9885030886628
Woensdag,2407.4920175024226,567.5587306807171,4603.885717417636,0.7567518774224806,0.0,148.73015515988374,833.2754903100775
Donderdag,2316.2971951928316,560.4793015863405,4593.770563056245,0.5641354967609129,0.0,147.7424520191318,876.9400036931646
Vrijdag,2151.2394645798013,559.4445049648825,4587.404773613465,0.3597884475659966,0.0,148.11734941874548,895.8240624243158
Zaterdag,1559.8357445480979,553.9112220741458,4559.972376060092,0.10959340925611824,0.0,132.2347358250545,838.1237470317421
Zondag,1380.32731531477,551.0835499394673,4564.271985774818,0.27884745762711866,0.0,114.79275998789346,826.2987123486682
