Weekdag,Aardgas,Ander,Nucleair,Olie,Steenkool,Water,Wind
Maandag,2204.126332221744,581.1102411790017,4205.720479620004,0.5452312959311705,0.0,147.7613914321563,734.7940995338831
Dinsdag,2365.786180470919,583.6564167778699,4221.304453371334,0.598325541125541,0.0,144.5347385503065,713.6872965233698
Woensdag,2388.649127706093,582.5999088726438,4223.334910361636,0.6783037090127216,0.0,140.37720357629183,739.395088707366
Donderdag,2331.704056152799,578.1273424259804,4220.366054408602,0.4365822671397341,0.0,138.45812008170287,753.9792169906046
Vrijdag,2189.1269680442356,579.6176943566916,4220.063422289179,0.3548592044801838,0.0,140.3071536114302,762.3681806826747
Zaterdag,1581.7520852079072,571.0335343552556,4189.782183837514,0.1115246654468482,0.0,124.37406522207075,765.3523584167652
Zondag,1415.3546974967724,567.1265747946778,4188.454318067709,0.23718950615070117,0.0,108.99062210345075,736.8448572043474
