Weekdag,Aardgas,Ander,Nucleair,Olie,Steenkool,Water,Wind
Maandag,2146.012193296453,575.4842953465669,4222.925942336479,0.5585672632606574,0.0,150.27623228115846,768.6693089489098
Dinsdag,2314.765290504257,580.1825038310412,4237.117741552063,0.570579502292076,0.0,147.79350471512768,738.6357981008514
Woensdag,2335.602377408854,578.364568359375,4236.4032640625,0.6170109049479167,0.0,143.27947906901042,755.5269072916667
Donderdag,2295.481705098984,575.4647757879656,4235.797660035166,0.43622798905965093,0.0,142.36366192367805,761.2539559129981
Vrijdag,2147.2113316573073,576.7081474794305,4236.5282261656,0.35690652344260154,0.0,142.77078823298942,776.1445158025336
Zaterdag,1548.655025016329,568.0666126387982,4203.914561757021,0.10241303069888961,0.0,123.61040522534292,774.5543940235141
Zondag,1376.2117992231363,563.4711613134874,4204.945762403709,0.23990191278234757,0.0,111.08238415589503,766.8250073443008
