Weekdag,Aardgas,Ander,Nucleair,Olie,Steenkool,Water,Wind
Maandag,1945.6591990347492,521.9870634108677,4324.992821239023,0.6232526783129041,0.0,153.48154230008205,875.6865563438058
Dinsdag,2144.0518050150063,525.3609998547778,4342.67600968148,0.6509419111240198,0.0,149.03301936295867,840.1374071546132
Woensdag,2149.298177131783,522.5397483527131,4344.1040109496125,0.6024298934108527,0.0,144.98315513565893,868.2886039728681
Donderdag,2089.558591944552,519.8520745928655,4342.0005677588215,0.4960588406359054,0.0,145.88205433307482,880.9639226444358
Vrijdag,1887.9847461553438,518.4677344267081,4337.75067636753,0.3117865972357407,0.0,146.17687565699825,932.1946310103174
Zaterdag,1371.9824631450829,514.4440315968841,4302.261936708861,0.1232340311587147,0.0,130.17022891918208,880.0381977604673
Zondag,1214.756783790354,512.7084324744774,4306.040001652812,0.2555225295289943,0.0,112.60846596985903,860.61629402898
