Weekdag,Aardgas,Ander,Nucleair,Olie,Steenkool,Water,Wind
Maandag,2312.591735272815,614.5547383309191,4353.766793054885,0.6296989377112506,0.0,149.53169028649606,694.3887479478514
Dinsdag,2454.9494290416974,619.5361357798911,4368.892921685768,0.6755486060310493,0.0,146.02068458912458,680.6174245306023
Woensdag,2481.541577600129,618.6535512354651,4373.725890746125,0.7380618943798449,0.0,142.45400670219638,694.1706049741601
Donderdag,2425.9339593699515,612.1865483037157,4369.141994911147,0.5005281502423263,0.0,140.26326502423262,712.3951081179322
Vrijdag,2302.864234114119,613.7422412060301,4370.892916963851,0.4090197357756524,0.0,141.21535025936132,711.7507833927704
Zaterdag,1675.821698800065,602.6809451516134,4337.724590238366,0.09760742662558781,0.0,122.48558825198637,718.8275125263499
Zondag,1500.685318060282,598.1871619267541,4339.0680634824175,0.23331712850429429,0.0,110.70421637497974,695.1697789256198
