Weekdag,Aardgas,Ander,Nucleair,Olie,Steenkool,Water,Wind
Maandag,2287.012479194782,605.9550388364073,4337.547752136752,0.6124668990853201,0.0,152.28837250712252,729.0713912880492
Dinsdag,2454.1634371510486,611.637091745888,4349.560701335446,0.6488449524671797,0.0,149.02111075901615,695.1670729591067
Woensdag,2472.2392760279636,610.5022557317899,4355.4003699165605,0.7069460647974142,0.0,144.90056814252424,724.4854939487334
Donderdag,2405.2111251880833,605.5823983599157,4351.608951963587,0.48917939362022267,0.0,142.79360844869095,755.8943982470659
Vrijdag,2280.157686716981,606.5050589056603,4352.216493320755,0.394280641509434,0.0,144.1620178490566,748.8840736603773
Zaterdag,1660.7919565906689,596.0793822285973,4322.202351426846,0.09111535557904273,0.0,123.70526245659067,735.926020836479
Zondag,1482.9593431794176,591.1239200995926,4323.877210427041,0.2527286102308737,0.0,111.98607797645994,720.434959446205
