Weekdag,Aardgas,Ander,Nucleair,Olie,Steenkool,Water,Wind
Maandag,2194.1377875289472,586.2848634041683,4234.9766565862965,0.5763839054624711,0.0,150.545759467375,730.7343881964309
Dinsdag,2358.097646875,591.0402255494506,4251.106899828296,0.5975052884615384,0.0,147.45366662087912,703.1335787431319
Woensdag,2375.2886995560107,589.7253417691256,4253.0599734972675,0.6473557035519126,0.0,143.24596458333332,730.8542204918033
Donderdag,2327.838761990981,585.9283789628314,4250.690272888767,0.44880107269745834,0.0,141.43569858567915,744.3719614307188
Vrijdag,2189.3021463272576,587.0274576538303,4250.735569754694,0.3697148828285597,0.0,142.53219271618474,748.6703019048924
Zaterdag,1577.604534304318,577.8285511651816,4215.760531768335,0.10746699794379713,0.0,125.0063424948595,748.8491717614804
Zondag,1412.2094915399368,573.2821689615016,4216.927558398411,0.25173431291957804,0.0,110.92119307439376,726.4107433895053
