Weekdag,Aardgas,Ander,Nucleair,Olie,Steenkool,Water,Wind
Maandag,2302.238211743909,611.0312867573591,4360.376276189379,0.6018535854277149,0.0,151.06105560679424,717.7069435477673
Dinsdag,2472.6510844945037,617.1562125328999,4373.353336700728,0.6558044976002477,0.0,147.83347824740673,684.8591202198483
Woensdag,2490.6871537515376,614.809367043358,4374.827929120541,0.7195857549200492,0.0,143.90581253843789,714.4972695264453
Donderdag,2432.7343320901264,609.7326158874192,4370.318479967702,0.4931318440479852,0.0,141.23374077207012,735.4988210550599
Vrijdag,2300.219538960037,610.969846011418,4372.683222265083,0.401980828575837,0.0,142.23578105230675,742.6326517126987
Zaterdag,1678.0591469748417,600.1331355533262,4343.9435447599935,0.09290708442660905,0.0,123.03687417039667,734.7464080490815
Zondag,1494.4381580672527,594.679336919636,4345.177108013266,0.24120719574271168,0.0,111.92494474008946,720.9908153246953
