Weekdag,Aardgas,Ander,Nucleair,Olie,Steenkool,Water,Wind
Maandag,2135.7900346287033,573.4167474669745,4209.819752212389,0.5503646274208029,0.0,150.30244978838013,768.9625297870977
Dinsdag,2309.9926960933212,578.1876997124116,4226.4565800239125,0.5657775228616667,0.0,147.4530406824571,738.5342120076259
Woensdag,2327.807994148662,575.8686044881688,4226.736217946245,0.6093934863683128,0.0,143.07625524048356,760.5176272826645
Donderdag,2278.313430151788,573.5944663943915,4226.0911205621305,0.43569475173655775,0.0,142.41766285052742,769.7188708193979
Vrijdag,2128.611215658455,574.8649688185218,4226.7346305946085,0.352487198503805,0.0,142.9201595188959,787.2161200503032
Zaterdag,1538.9938132821571,566.2901616888144,4191.8605710553475,0.10114459424590376,0.0,123.6783767578377,775.3545084505225
Zondag,1370.1620735654417,561.890377981947,4192.707133494519,0.23693214055448097,0.0,111.130905448098,763.1571735332043
