Weekdag,Aardgas,Ander,Nucleair,Olie,Steenkool,Water,Wind
Maandag,2296.8253160594127,613.4530984326276,4350.377898038733,0.6295633103561464,0.0,149.32701485311014,698.0002857377319
Dinsdag,2455.844368120972,618.9010960171872,4364.199223723352,0.6842630143777887,0.0,145.83530842009586,675.4061993472153
Woensdag,2481.553295398622,618.0997811269684,4368.7264432004595,0.7418140583989501,0.0,142.13111454232285,686.656046136811
Donderdag,2425.059682679685,612.4289133574007,4364.02018739744,0.5018091565474238,0.0,140.02444018706925,704.2752790859863
Vrijdag,2297.768924833767,613.9893540246975,4364.213341552058,0.41684099450708295,0.0,140.6300713253211,708.3072758848551
Zaterdag,1665.547544774268,602.2531969985116,4333.3792215148005,0.09954440218290062,0.0,122.19318951546221,721.1223067223417
Zondag,1494.884145843662,597.2558262683854,4336.728263220955,0.2134652123615931,0.0,110.55641517930921,694.2181805073541
