Weekdag,Aardgas,Ander,Nucleair,Olie,Steenkool,Water,Wind
Maandag,2225.9282669785907,595.7898105416135,4281.8256879342125,0.5837958670069474,0.0,151.4956092797391,736.2911215440238
Dinsdag,2396.705425509913,600.9543457424047,4296.713224967907,0.6153838254172016,0.0,148.87978045214663,695.9129920125516
Woensdag,2417.343607107426,598.5271871102608,4298.63491468254,0.668405505952381,0.0,144.42436405187075,720.8307363591271
Donderdag,2360.1306985108577,594.7925325016881,4297.2388920638305,0.46485506628283046,0.0,142.83343536979777,746.6375760742084
Vrijdag,2231.630270509345,596.2855021044371,4297.581636538735,0.3824999643315737,0.0,143.82845270366673,743.1572382650877
Zaterdag,1611.7419612887113,587.1124980376767,4265.245103467961,0.08612202083630655,0.0,125.23243545739975,738.0508840802056
Zondag,1440.020546676651,581.9790313792612,4265.314491121096,0.2606750463557267,0.0,111.70518289117102,725.2513692768506
