Weekdag,Aardgas,Ander,Nucleair,Olie,Steenkool,Water,Wind
Maandag,2182.0841069067856,582.9480820180764,4232.3920675839745,0.5716547956292999,0.0,150.56473549844867,736.3664722109806
Dinsdag,2344.8485153864463,588.0984161311163,4247.840148185929,0.5916336495630589,0.0,147.77784885579246,711.9166017885682
Woensdag,2360.079473045184,586.8342245670997,4250.264007677219,0.6410502908549783,0.0,143.16346462391775,738.4655549580627
Donderdag,2314.3195391407307,583.084071820027,4247.940214783491,0.4466252368064953,0.0,142.00412266576456,748.4320092692827
Vrijdag,2176.598436117519,584.1560404057539,4247.997831727507,0.37085537386348216,0.0,142.83580445107884,754.4424889062287
Zaterdag,1568.5707884145513,575.021371928872,4213.364668691462,0.10641668929007737,0.0,124.54441648567939,756.0326668929007
Zondag,1404.8231543209877,570.3957640075973,4214.518622541039,0.24927536969203637,0.0,111.07051315967982,730.1992339234839
