Weekdag,Aardgas,Ander,Nucleair,Olie,Steenkool,Water,Wind
Maandag,2147.0846461508404,575.5639515110068,4223.139725739221,0.5589674351960402,0.0,150.37606350136772,768.9966545199948
Dinsdag,2314.765290504257,580.1825038310412,4237.117741552063,0.570579502292076,0.0,147.79350471512768,738.6357981008514
Woensdag,2335.602377408854,578.364568359375,4236.4032640625,0.6170109049479167,0.0,143.27947906901042,755.5269072916667
Donderdag,2295.481705098984,575.4647757879656,4235.797660035166,0.43622798905965093,0.0,142.36366192367805,761.2539559129981
Vrijdag,2147.2113316573073,576.7081474794305,4236.5282261656,0.35690652344260154,0.0,142.77078823298942,776.1445158025336
Zaterdag,1548.655025016329,568.0666126387982,4203.914561757021,0.10241303069888961,0.0,123.61040522534292,774.5543940235141
Zondag,1377.889820850103,563.7336300186512,4205.637164588855,0.24049065802820588,0.0,111.04418644677858,765.348665292366
