Weekdag,Aardgas,Ander,Nucleair,Olie,Steenkool,Water,Wind
Maandag,2299.3095678021086,614.0845683698296,4356.580492295215,0.6222107461476075,0.0,149.388101216545,696.7767642335767
Dinsdag,2443.2351023267247,618.8144714894314,4368.808401851548,0.68091713091922,0.0,145.94692180075373,683.8192928887432
Woensdag,2467.70277335612,617.8820361328125,4373.032533447265,0.7434676513671875,0.0,142.25072501627605,696.3060684814453
Donderdag,2411.9139098013675,611.2779103712146,4368.3877345327255,0.5036385135135135,0.0,140.213730910127,714.5334054054053
Vrijdag,2290.1920450906714,612.8249576458095,4370.0968659532755,0.41222720960627346,0.0,140.89418113870283,711.768755146218
Zaterdag,1663.2673840905377,602.6136901863049,4336.656032317373,0.09837310017976794,0.0,122.56933996568067,719.0163431933322
Zondag,1488.8915155969296,597.848044504328,4340.212599787686,0.2109603544014372,0.0,110.50878123468887,696.9032898497469
