Weekdag,Aardgas,Ander,Nucleair,Olie,Steenkool,Water,Wind
Maandag,2185.98063503055,582.1416211133741,4228.217571894093,0.5171418194161574,0.0,150.05503350305497,736.6212876442634
Dinsdag,2348.669371364195,586.2626713095726,4242.565422640994,0.5939967909326779,0.0,147.4752650211662,713.6027226546497
Woensdag,2365.77799206026,585.1188348262758,4244.927438992942,0.6431384025515744,0.0,142.8446757261129,739.1604635586319
Donderdag,2320.4307212869944,581.0924345642139,4242.482445085528,0.44808043714363294,0.0,141.70098744230248,748.8053292153136
Vrijdag,2181.8556830156567,582.1676763104152,4242.50211712049,0.37206715452688904,0.0,142.66138846153845,755.9058604492852
Zaterdag,1568.599007645834,573.5363427996041,4208.31374301123,0.10610393555654163,0.0,124.11646571321296,758.8164935658941
Zondag,1405.5720359126374,569.6882543187161,4211.100739957068,0.25041345826235095,0.0,110.87748373028042,729.8805786568537
