Weekdag,Aardgas,Ander,Nucleair,Olie,Steenkool,Water,Wind
Maandag,2258.383082128419,600.3176940670868,4297.203522999599,0.5998488181520195,0.0,151.39785821466293,729.1574540190115
Dinsdag,2427.0374153834873,605.9551031309576,4313.058900828567,0.6313353864202962,0.0,149.16935188444054,696.214364716234
Woensdag,2445.0827464670742,603.0753376311189,4315.347956111596,0.685059986888112,0.0,145.20985281905595,716.6441457604896
Donderdag,2379.5398674584667,598.4105974934422,4310.879822537161,0.47563520110754887,0.0,143.09928202419118,748.0656885383271
Vrijdag,2253.3626263338692,599.9125650855138,4310.6201093041955,0.3900545241923695,0.0,143.92504092968863,747.8787787969595
Zaterdag,1634.8311038163474,590.8546397865185,4277.846922868841,0.08823760783740313,0.0,124.73158824389532,729.6121240678461
Zondag,1460.741864715768,585.8717292123338,4279.192139485605,0.2670747844512641,0.0,112.28615179745725,710.1090089507527
