Weekdag,Aardgas,Ander,Nucleair,Olie,Steenkool,Water,Wind
Maandag,2210.7155226769146,590.3286117573743,4247.2574340811525,0.5732985736047639,0.0,150.06627288464202,729.970407907492
Dinsdag,2383.184748227817,596.0385938820407,4265.538599993016,0.6074147082445787,0.0,147.24114425393722,692.5141148863358
Woensdag,2402.4814969097224,594.1143611458333,4268.735582604167,0.6575266666666667,0.0,142.9142696875,719.6821113541666
Donderdag,2346.2212389552656,590.1622081133648,4266.174272367324,0.45523683662128367,0.0,141.01182880661295,738.3427112739649
Vrijdag,2215.866449073429,591.1583229413404,4266.280273826111,0.375692559565278,0.0,141.9081473108541,734.1835587292741
Zaterdag,1597.3399155749128,582.0619517770035,4230.678077317073,0.10906031358885017,0.0,123.92010519163763,730.9143391637631
Zondag,1426.1574548683661,577.2974612062961,4230.523594546594,0.2557382295584343,0.0,110.23134851650649,718.3856858893996
