Weekdag,Aardgas,Ander,Nucleair,Olie,Steenkool,Water,Wind
Maandag,1866.0301621900826,529.6076008092286,4446.66529244146,0.6969746039944903,0.0,161.77575344352618,804.0283778409091
Dinsdag,2029.858399018595,529.8111120867768,4457.965197400138,1.0085790289256198,0.0,158.93228133608815,778.7761069214876
Woensdag,2025.8725389979338,529.7018523588155,4458.109972796143,0.9740018078512396,0.0,154.21159633264463,874.3086980027548
Donderdag,1929.0921970557852,523.5910217803031,4450.911997073003,0.5567566287878788,0.0,150.68583066460056,877.7317006714876
Vrijdag,1751.4903310280054,524.7942928870293,4455.881816241141,0.4033553620218579,0.0,155.16277074795082,903.9636514388183
Zaterdag,1227.1475525479075,519.9064915356191,4421.489778379308,0.19134201254618888,0.0,137.87809014350776,830.4740491535619
Zondag,1104.4856614152893,520.5419301825069,4428.47872572314,0.42313145661157026,0.0,117.93253529614326,780.1879304407713
