Weekdag,Aardgas,Ander,Nucleair,Olie,Steenkool,Water,Wind
Maandag,2272.411522771102,603.7632348316273,4322.018385439846,0.6059251965583741,0.0,151.73884394006825,726.284774514167
Dinsdag,2443.202393603523,609.072763248246,4333.815140580684,0.6424814897745933,0.0,148.9429486117331,691.6722038363936
Woensdag,2456.600299266014,607.2674819098457,4335.273846938019,0.6972496663701068,0.0,145.110087448102,718.1603159845789
Donderdag,2391.296661376446,602.4682149213883,4330.743066782854,0.48354108573123705,0.0,143.05111624888758,749.7339123034708
Vrijdag,2272.280649565315,604.2002636468789,4335.776396738928,0.39202365583373755,0.0,143.6382211484646,749.6876476624007
Zaterdag,1651.774027184466,594.2893034353996,4306.787355377147,0.09013547423450335,0.0,123.84781049290517,733.2845406273339
Zondag,1474.8517189505897,589.3555052992983,4308.401126287506,0.27281575608299746,0.0,111.95107139125243,713.6834735781459
