Weekdag,Aardgas,Ander,Nucleair,Olie,Steenkool,Water,Wind
Maandag,2272.411522771102,603.7632348316273,4322.018385439846,0.6059251965583741,0.0,151.73884394006825,726.284774514167
Dinsdag,2448.4282028600305,609.6895952906824,4338.364428705125,0.6444777449182046,0.0,148.9631071014113,693.4433909706884
Woensdag,2462.1056781622024,607.8775177083334,4340.510546614583,0.6997398437500001,0.0,144.8213845610119,720.2453512276786
Donderdag,2397.136473913367,603.0554551949986,4335.973410538851,0.48526853230128014,0.0,142.98888698273294,751.6024548228639
Vrijdag,2273.0261857174855,604.282183813648,4336.489176123638,0.39221390174705095,0.0,143.70792761684336,750.0036215469613
Zaterdag,1651.774027184466,594.2893034353996,4306.787355377147,0.09013547423450335,0.0,123.84781049290517,733.2845406273339
Zondag,1474.8517189505897,589.3555052992983,4308.401126287506,0.27281575608299746,0.0,111.95107139125243,713.6834735781459
