Weekdag,Aardgas,Ander,Nucleair,Olie,Steenkool,Water,Wind
Maandag,2290.449154246983,612.7108323146842,4368.631635362796,0.6131201222378938,0.0,150.52953729822912,715.0303483779971
Dinsdag,2449.4621422148603,617.8879435242152,4381.597681377189,0.6555666903297049,0.0,147.1574755087553,694.5047842719671
Woensdag,2471.533955905388,616.2640968828321,4383.059394149436,0.7331118029448621,0.0,143.7254645989975,718.081052239975
Donderdag,2421.8812917599907,611.2816566073324,4379.881008448269,0.5039637313843373,0.0,140.9830205902,731.869841133247
Vrijdag,2298.2227761559097,612.591132988796,4382.605380148335,0.402576495186997,0.0,142.08855227236864,731.4379679264637
Zaterdag,1672.720171507498,601.3513167719021,4353.196052565115,0.09501894238358327,0.0,122.88321195737964,733.8801853196528
Zondag,1493.1621254535416,596.4673905190093,4354.454444786244,0.24668658305726454,0.0,111.73948607824578,713.0663734421832
