Weekdag,Aardgas,Ander,Nucleair,Olie,Steenkool,Water,Wind
Maandag,2267.820903030303,603.219651773836,4316.755746119734,0.6086492609016999,0.0,151.74226289726533,725.9038192535107
Dinsdag,2436.8138473151866,608.4878719693589,4328.485049940503,0.6401879369329169,0.0,148.71693135504984,692.5282415216421
Woensdag,2453.4794382387704,606.4262297946217,4329.963345153665,0.6947771498226951,0.0,145.2208217715721,715.965610409279
Donderdag,2385.9295086092225,601.4910155557199,4325.423479419155,0.4818258941767662,0.0,143.09254212237659,749.6764556237067
Vrijdag,2261.7121133432174,603.0693622312824,4325.871745811713,0.3894227575982209,0.0,143.8105122683469,751.4434962935509
Zaterdag,1647.2840395700844,593.8809752686973,4300.90361285284,0.08977009185912455,0.0,124.08745085350887,734.0312735691175
Zondag,1471.4825507957755,588.9599383831624,4303.17888349695,0.2718418488769894,0.0,111.98989911497844,713.2394181540978
