Weekdag,Aardgas,Ander,Nucleair,Olie,Steenkool,Water,Wind
Maandag,2225.9282669785907,595.7898105416135,4281.8256879342125,0.5837958670069474,0.0,151.4956092797391,736.2911215440238
Dinsdag,2396.705425509913,600.9543457424047,4296.713224967907,0.6153838254172016,0.0,148.87978045214663,695.9129920125516
Woensdag,2417.343607107426,598.5271871102608,4298.63491468254,0.668405505952381,0.0,144.42436405187075,720.8307363591271
Donderdag,2356.6071674936206,594.3692873901332,4295.7912111922315,0.4635535511766374,0.0,142.65899004111142,746.2689178125886
Vrijdag,2227.149219785298,595.7977815654771,4295.527759881985,0.3811946893217688,0.0,143.48679496658607,741.5095818640693
Zaterdag,1609.5129354288151,586.589935286588,4260.337112003982,0.10497557246479876,0.0,125.08698680841985,738.7907837789787
Zondag,1439.8434564698337,581.8873858736324,4264.442139660026,0.26051712340971456,0.0,111.64494950286874,724.8820729838567
