Weekdag,Aardgas,Ander,Nucleair,Olie,Steenkool,Water,Wind
Maandag,2301.0929688878746,608.9489110756124,4352.226988779857,0.6214121025406968,0.0,152.0066915411532,724.9403064810589
Dinsdag,2468.7168968381566,614.7205657250039,4364.62386188945,0.656019369162456,0.0,148.05959803246057,692.1904296815189
Woensdag,2483.932854546837,612.6585506386862,4366.076484755171,0.7136605839416058,0.0,144.17474083789537,720.2483059230535
Donderdag,2414.1207701551566,607.6935996729541,4361.515782438394,0.48872033769394585,0.0,142.23554658503195,749.9467171432918
Vrijdag,2289.4414332351025,609.3234829117073,4366.329672700831,0.3988583566152551,0.0,143.0968259787975,748.4758267442305
Zaterdag,1672.2208222766967,598.8182718323885,4337.338502144936,0.09222383943618814,0.0,123.33972062203156,738.8028447985291
Zondag,1491.8616272775992,593.3966872990354,4338.550727032613,0.23943442811208082,0.0,112.32482081610779,720.5479739320166
