Weekdag,Aardgas,Ander,Nucleair,Olie,Steenkool,Water,Wind
Maandag,2307.0726104697774,614.0637203383037,4355.901918831169,0.6272758537758538,0.0,149.49647310405643,700.6887624659291
Dinsdag,2458.184029015335,619.0557820823244,4369.786126150121,0.6708050443906376,0.0,146.3452447134786,682.0076437853107
Woensdag,2485.5026552483973,618.2598235576924,4374.338291866987,0.7323844951923076,0.0,142.45003986378205,694.1982557692309
Donderdag,2429.833424174415,611.7759577188201,4369.829263706316,0.5140018034626482,0.0,140.41213546008336,712.1794420888104
Vrijdag,2305.0010343413223,613.2506961959144,4372.26656446035,0.4098274489303523,0.0,141.67390863760656,712.3493420057905
Zaterdag,1678.3637944072311,602.6821866677427,4340.432813816479,0.09715842143491245,0.0,122.38180207408604,720.1042695504802
Zondag,1500.841257748184,598.2909876109766,4341.344881073446,0.2524207021791767,0.0,110.60341719128328,697.8948124697337
