Weekdag,Aardgas,Ander,Nucleair,Olie,Steenkool,Water,Wind
Maandag,2298.202251698317,612.2998163501621,4362.35642276517,0.6045018527095878,0.0,151.0125267870928,715.6213042303535
Dinsdag,2468.1233114996116,617.8828926961927,4375.09291045066,0.6457877233877234,0.0,147.77499335664336,686.4600360916861
Woensdag,2486.0594811728392,615.5563189429013,4376.577462075617,0.722250887345679,0.0,143.91489880401235,712.6416800925927
Donderdag,2433.795832046928,610.6442123726459,4372.093662434394,0.49495882216733555,0.0,141.5027098641556,737.0024639935165
Vrijdag,2301.96159125755,611.8428737416757,4374.492601595168,0.403474949667028,0.0,142.1930463450519,740.402412149605
Zaterdag,1675.2296838629477,601.5259042420946,4346.878413254603,0.09353507885945149,0.0,122.7959925802191,738.2108377359957
Zondag,1491.8711932400931,596.3094462703963,4348.42954988345,0.24300641025641023,0.0,111.89059285159284,718.4235601787102
