Weekdag,Aardgas,Ander,Nucleair,Olie,Steenkool,Water,Wind
Maandag,2215.32636288861,592.2567479088248,4256.638848145824,0.5767258120730517,0.0,150.135298341001,731.5609920186811
Dinsdag,2387.3040658042346,597.5545001402328,4271.165410811948,0.6095793717571169,0.0,147.55336281727668,693.1399211891741
Woensdag,2405.3475663322183,595.3376637054068,4273.489651999721,0.6595217391304348,0.0,143.10752327201786,720.0447625766443
Donderdag,2351.557316734808,591.9095948911487,4274.842377467939,0.4575841982038648,0.0,141.2937343886501,738.5431201733235
Vrijdag,2224.3619676322064,593.146958339178,4275.815287908543,0.3777339739093842,0.0,142.4701669939683,733.6262911698694
Zaterdag,1603.3167257962675,584.0547290585099,4239.94989529255,0.1083885225199944,0.0,124.08843664936157,732.9011911393294
Zondag,1431.8157469499367,579.0951893493199,4240.214667753471,0.2570490464170523,0.0,110.53068223250597,716.8829572991165
