Weekdag,Aardgas,Ander,Nucleair,Olie,Steenkool,Water,Wind
Maandag,2142.5563420984286,575.1783195688872,4222.20105099987,0.5572254252694455,0.0,150.46385323334633,768.8518752759383
Dinsdag,2309.801991154198,579.7242164447056,4236.135558787048,0.5705138399268833,0.0,147.7608487400444,740.5201039952997
Woensdag,2329.817236305815,577.9568144470404,4235.452063278816,0.615088752596054,0.0,143.13138100337488,759.1060238836968
Donderdag,2290.4279657556476,575.1037711308751,4234.844820468709,0.4348686704752012,0.0,142.48586568423787,764.6531064983121
Vrijdag,2142.3305224580135,576.3337713188387,4235.554850442651,0.35579133576357247,0.0,143.0655516208827,779.3494768910299
Zaterdag,1545.6859025914832,567.6879720666753,4203.046571689022,0.10209294830055997,0.0,123.64528919781222,775.2079755827582
Zondag,1375.7758741274708,563.3886732011221,4204.746030628221,0.23972976058451304,0.0,111.017418683541,766.5506418879248
