Weekdag,Aardgas,Ander,Nucleair,Olie,Steenkool,Water,Wind
Maandag,2300.5479309636953,608.8704870937084,4351.759627485269,0.6211049990496104,0.0,151.94524288158146,724.7783015776469
Dinsdag,2468.7168968381566,614.7205657250039,4364.62386188945,0.656019369162456,0.0,148.05959803246057,692.1904296815189
Woensdag,2483.932854546837,612.6585506386862,4366.076484755171,0.7136605839416058,0.0,144.17474083789537,720.2483059230535
Donderdag,2414.1207701551566,607.6935996729541,4361.515782438394,0.48872033769394585,0.0,142.23554658503195,749.9467171432918
Vrijdag,2284.501703723485,608.7983855867542,4363.288301808332,0.39779486494735233,0.0,143.48355798870745,753.0614388066534
Zaterdag,1668.0245398412458,598.346533201038,4333.9217690810565,0.09211677606472295,0.0,123.58904915280111,741.6368759731338
Zondag,1489.0478995804729,592.8849043096873,4335.13223539283,0.2555045766590389,0.0,112.16186548436308,723.8251658657513
