Weekdag,Aardgas,Ander,Nucleair,Olie,Steenkool,Water,Wind
Maandag,2106.325206585594,550.6516749354585,4377.975373147732,0.4997725554765558,0.0,151.2927684852567,820.0932273781902
Dinsdag,2297.386925498741,553.9727222076117,4389.343244693241,0.521448585490476,0.0,146.65949314347972,784.6830519217042
Woensdag,2323.8494884217625,551.2663620728417,4392.05492247452,0.6777860836330936,0.0,142.8468228042566,817.4537304406475
Donderdag,2260.4351963643176,548.6258425037481,4388.937874850075,0.41246255622188904,0.0,142.80057923538232,834.5577145427287
Vrijdag,2088.2630748608813,549.3812343209505,4389.773108061363,0.30098725372236423,0.0,143.5331384042713,860.7921462249963
Zaterdag,1495.2416194899954,542.8753022416128,4358.445520497969,0.0964644576500677,0.0,126.19565074469685,851.6586155408455
Zondag,1324.1164,539.8313863157895,4362.85386018797,0.20102575187969923,0.0,109.98477334586465,825.1425260902255
