Weekdag,Aardgas,Ander,Nucleair,Olie,Steenkool,Water,Wind
Maandag,2157.6275834702055,577.1285267065239,4225.525294461599,0.5638516523224493,0.0,150.4053964259904,765.9158181459825
Dinsdag,2328.2573176649475,582.0249982149941,4239.826658997752,0.5760114372603464,0.0,148.48037868570674,729.8461798558774
Woensdag,2346.051460009201,580.3930689077287,4240.810135613828,0.6228501248685594,0.0,143.43218743427968,751.9180482715564
Donderdag,2308.7490044044175,577.0849011306864,4238.601648008152,0.44035741519852745,0.0,142.90986408756245,758.8368183342099
Vrijdag,2161.769927785102,578.1362503955175,4239.399644924192,0.36029442979564935,0.0,143.00433078444297,767.8198527356625
Zaterdag,1556.4464707569564,569.311778715548,4206.489094784386,0.10338543452459449,0.0,124.14026058288276,772.067503494659
Zondag,1383.1926588243048,564.729932845657,4207.523482173455,0.24217856201397128,0.0,111.35096718070383,761.7165068867799
