Weekdag,Aardgas,Ander,Nucleair,Olie,Steenkool,Water,Wind
Maandag,2209.626900955271,589.2848331896403,4240.486509638928,0.5836788978170157,0.0,150.11376011311515,727.9624934303548
Dinsdag,2374.175301193947,594.086150527558,4255.316056226572,0.6038926141885326,0.0,147.45065840621965,697.1608495418576
Woensdag,2392.5078218818985,592.2745885416666,4256.366062948399,0.6533741721854305,0.0,143.01752066087195,724.9068073606513
Donderdag,2342.429177753243,588.3852246411814,4253.819459667403,0.4524232335081424,0.0,141.06035243582667,739.9627350607232
Vrijdag,2204.263465017301,589.4052873356402,4253.799107889273,0.37339923875432524,0.0,142.1972464013841,742.6691376470588
Zaterdag,1589.485821092344,580.2756813304721,4218.4566710854215,0.1085382458812128,0.0,124.38886871798421,736.3434214661498
Zondag,1421.6479276670816,575.6866771827868,4219.628879618099,0.2542422512799225,0.0,110.43103760204788,717.7041288570638
