Weekdag,Aardgas,Ander,Nucleair,Olie,Steenkool,Water,Wind
Maandag,2294.707577570705,613.546609898643,4352.052392103973,0.6270932238025176,0.0,149.2898696256335,696.3443616151708
Dinsdag,2449.011431893004,618.6255018106996,4366.238028106996,0.6840555144032922,0.0,146.03323238683126,679.9492644444445
Woensdag,2474.907450367647,617.8152920343138,4370.821415073529,0.7389049836601307,0.0,142.02887091503268,691.1701497957516
Donderdag,2423.6938402476017,612.288302779372,4364.419385381651,0.5014388784127245,0.0,139.92111806181848,705.2858170041814
Vrijdag,2296.5155359789233,613.4222171085131,4365.647454635271,0.4154853861353532,0.0,140.7190447472419,709.2615927465833
Zaterdag,1670.3648467303574,602.6155235957832,4331.873443625433,0.09915088123867567,0.0,122.34907712897382,718.586719321364
Zondag,1495.2949850205762,597.4344661728395,4335.468541934157,0.21262189300411521,0.0,110.53436502057612,691.6382091358025
