Weekdag,Aardgas,Ander,Nucleair,Olie,Steenkool,Water,Wind
Maandag,2121.3116971295176,551.1820249870309,4460.716867715719,0.5618494293619228,0.0,149.40222756354834,809.3895996022825
Dinsdag,2301.391154817363,554.8855944533938,4472.96951138491,0.5966262353607036,0.0,147.11880408376507,772.0761269101833
Woensdag,2332.2507621359223,554.446535174028,4473.400824541632,0.6153798977115118,0.0,142.38909561373094,810.3804983745828
Donderdag,2266.1001407817366,548.9236381874783,4470.491805171221,0.43660632134209615,0.0,141.57212521618817,829.6251378848149
Vrijdag,2100.313368208644,549.4044634178094,4470.32773667766,0.3119181999652838,0.0,141.71159069605972,850.7022670109357
Zaterdag,1501.9583935144992,544.0898027869422,4438.4343327834695,0.10988570064247265,0.0,127.16614164785554,835.8498826619204
Zondag,1339.7724046771955,541.0363042780285,4440.588537053107,0.2280833477959042,0.0,109.14071212252689,808.7577373307878
