Weekdag,Aardgas,Ander,Nucleair,Olie,Steenkool,Water,Wind
Maandag,2297.4521044061303,610.4588453256705,4358.929014750957,0.6000549425287356,0.0,151.66551570881225,722.2574977011495
Dinsdag,2471.4010457956215,616.96756204069,4373.008622108764,0.6553479152162142,0.0,147.73585831979577,685.9347509863078
Woensdag,2490.6871537515376,614.809367043358,4374.827929120541,0.7195857549200492,0.0,143.90581253843789,714.4972695264453
Donderdag,2432.7343320901264,609.7326158874192,4370.318479967702,0.4931318440479852,0.0,141.23374077207012,735.4988210550599
Vrijdag,2300.219538960037,610.969846011418,4372.683222265083,0.401980828575837,0.0,142.23578105230675,742.6326517126987
Zaterdag,1678.0591469748417,600.1331355533262,4343.9435447599935,0.09290708442660905,0.0,123.03687417039667,734.7464080490815
Zondag,1494.4381580672527,594.679336919636,4345.177108013266,0.24120719574271168,0.0,111.92494474008946,720.9908153246953
