Weekdag,Aardgas,Ander,Nucleair,Olie,Steenkool,Water,Wind
Maandag,1564.339327898551,426.86764779589373,3702.313633756039,0.2749177234299517,0.0,153.62386533816425,1039.663595410628
Dinsdag,1805.0323277475845,430.1616524758454,3718.003812198068,0.13384178743961353,0.0,153.0963833031401,953.1678852657004
Woensdag,1793.2109471755725,420.8769476335878,3702.341957557252,0.13224137404580152,0.0,146.46034015267176,1008.3519322137405
Donderdag,1769.5076048104734,432.876901811539,3726.9731637747336,0.198567970771807,0.0,151.9946121765601,993.0782318465521
Vrijdag,1536.7730510265699,435.43794519927536,3735.4372256944444,0.1265643115942029,0.0,150.6448445048309,1054.9548493357488
Zaterdag,1065.7885843900965,435.17844535024153,3696.1317253925117,0.10991953502415458,0.0,128.492413647343,990.8057993659421
Zondag,920.1116613828502,433.5036541364734,3686.6046606280192,0.3295475543478261,0.0,112.56517542270531,1023.9101799516908
