Weekdag,Aardgas,Ander,Nucleair,Olie,Steenkool,Water,Wind
Maandag,2289.4966432477413,612.8371016008876,4362.626987597083,0.6201172135045173,0.0,150.14498724045015,709.8038927722301
Dinsdag,2440.3783417105474,617.8901770783469,4376.42009310675,0.6630983325355034,0.0,146.81204802936014,694.724070248923
Woensdag,2464.034460987009,617.0222656051965,4380.709393813371,0.7240302994296578,0.0,143.02907707541192,712.4551259505703
Donderdag,2411.783462163233,611.4712246434232,4376.211561846276,0.5081368066561014,0.0,141.0195797147385,728.2077850633915
Vrijdag,2291.4979858037245,612.7812526618017,4377.006651951988,0.40641181162020973,0.0,141.88259887546357,722.5948753439407
Zaterdag,1666.6965794746925,601.2808011336421,4346.900804526585,0.09611128851987866,0.0,123.05005783969344,732.9883089174516
Zondag,1490.3859905457157,596.8822679112814,4348.219285184298,0.24952070368597415,0.0,111.59411022020105,707.0379792165311
