Weekdag,Aardgas,Ander,Nucleair,Olie,Steenkool,Water,Wind
Maandag,2182.0841069067856,582.9480820180764,4232.3920675839745,0.5716547956292999,0.0,150.56473549844867,736.3664722109806
Dinsdag,2346.5750571835574,587.4901186406187,4247.1502679419345,0.5901286799620132,0.0,147.9747674331841,712.2806051417718
Woensdag,2362.811460423409,586.0629048678534,4249.335240088997,0.6389756944444445,0.0,143.31188791127295,738.2914223300971
Donderdag,2318.8174859050446,582.3302634205556,4247.053152886431,0.4451794577825735,0.0,142.13536296196386,746.4941050714864
Vrijdag,2176.5230441061804,583.9767172593822,4247.804825236465,0.37059134827270573,0.0,142.73925114418415,754.018273248127
Zaterdag,1568.5707884145513,575.021371928872,4213.364668691462,0.10641668929007737,0.0,124.54441648567939,756.0326668929007
Zondag,1404.8231543209877,570.3957640075973,4214.518622541039,0.24927536969203637,0.0,111.07051315967982,730.1992339234839
