Weekdag,Aardgas,Ander,Nucleair,Olie,Steenkool,Water,Wind
Maandag,2113.2401097468833,570.4797454036016,4187.685954036016,0.5422620576753557,0.0,151.2158809658733,767.9005295302859
Dinsdag,2282.0148118116217,574.7064890808963,4200.972882928219,0.5586536903405495,0.0,147.99934947461705,744.4941959108749
Woensdag,2297.2835925226586,571.9824221739678,4200.331095166163,0.597401907099698,0.0,143.78266408610273,763.667587707704
Donderdag,2247.1809854885423,570.1096053261144,4199.807382649206,0.4412951712415009,0.0,143.54702455300932,776.3652702090153
Vrijdag,2097.3665309304383,571.0324800214619,4200.376639597273,0.3462615515717712,0.0,144.07614827673274,799.4574895846484
Zaterdag,1520.013606564122,563.2391777756678,4167.400603684011,0.09924949360678567,0.0,124.31166559058109,781.816131187492
Zondag,1354.0658201354602,558.9622323395366,4170.05104696797,0.23261283073806813,0.0,111.07523588428914,769.6769225534879
