Weekdag,Aardgas,Ander,Nucleair,Olie,Steenkool,Water,Wind
Maandag,2303.7472634512847,614.5062175230247,4355.178044433673,0.6197979075779609,0.0,149.41754132331556,696.0970544918405
Dinsdag,2453.8535561656095,619.5298551732552,4369.17408435009,0.6760431511306327,0.0,146.1257168537498,680.9539166259965
Woensdag,2474.9032970958724,618.3224286524363,4374.971438211349,0.7400648466928591,0.0,142.29717615132245,693.8489645996193
Donderdag,2418.6817571764514,611.8280020677911,4370.62202371878,0.5016781949399935,0.0,140.27243747972753,712.529744161531
Vrijdag,2295.486988039056,613.2578975996745,4372.364309072416,0.41061720911310007,0.0,141.02169267697315,713.9429926362897
Zaterdag,1666.1900901839492,602.2881549731402,4339.0704916978675,0.09798876770307668,0.0,122.49745844864073,720.580133892235
Zondag,1493.217888278835,597.6737178705059,4340.417936107044,0.23422283227590696,0.0,110.76860106556043,696.9496060680007
