Weekdag,Aardgas,Ander,Nucleair,Olie,Steenkool,Water,Wind
Maandag,2300.75854767609,613.5879757227281,4358.189713544162,0.6248713464302827,0.0,149.7355933956237,704.844870787414
Dinsdag,2451.495123934716,618.5247882296189,4372.059280712333,0.6682163129120438,0.0,146.56623082489148,685.8946434716192
Woensdag,2477.993707375479,617.6308173690933,4376.525675846105,0.7295784243295019,0.0,142.6608430316092,700.1829224537037
Donderdag,2428.4414719663596,611.6909101321586,4370.235752302763,0.5136312775330396,0.0,140.31545326391668,713.3048087705246
Vrijdag,2305.0010343413223,613.2506961959144,4372.26656446035,0.4098274489303523,0.0,141.67390863760656,712.3493420057905
Zaterdag,1675.3978131134354,602.3339088897827,4342.350124899437,0.09685358004827033,0.0,122.65723889782782,721.2864936444087
Zondag,1497.6353682666022,597.9240826097443,4343.686286702043,0.2514465750120598,0.0,110.92929088277859,698.289719609262
