Weekdag,Aardgas,Ander,Nucleair,Olie,Steenkool,Water,Wind
Maandag,2290.449154246983,612.7108323146842,4368.631635362796,0.6131201222378938,0.0,150.52953729822912,715.0303483779971
Dinsdag,2449.4621422148603,617.8879435242152,4381.597681377189,0.6555666903297049,0.0,147.1574755087553,694.5047842719671
Woensdag,2471.533955905388,616.2640968828321,4383.059394149436,0.7331118029448621,0.0,143.7254645989975,718.081052239975
Donderdag,2421.5370282043245,610.951145252272,4378.537148856158,0.5024041444688185,0.0,141.19281890473206,736.1681490128487
Vrijdag,2295.998331080019,612.1901609023738,4380.953103835875,0.40144360163496307,0.0,142.23696981606665,734.6835297123095
Zaterdag,1674.1918886617393,601.2211622110395,4351.664011951565,0.09466032395030666,0.0,122.78158216700739,731.6222876631546
Zondag,1492.7188240974303,596.4552014425351,4354.198507922119,0.2465310184455305,0.0,111.6860983761627,713.1318295759105
