Weekdag,Aardgas,Ander,Nucleair,Olie,Steenkool,Water,Wind
Maandag,2140.541900567815,574.3034946444703,4217.446071686669,0.5537737772615822,0.0,150.28526113046846,770.9120453606918
Dinsdag,2312.44049237706,578.7414185805112,4231.268044310367,0.5679614960425586,0.0,147.73096616712078,737.5736671856753
Woensdag,2329.8854840951703,576.8333911876899,4233.584839367686,0.6127424516713003,0.0,142.91843450572188,759.2252679252603
Donderdag,2285.868156225731,574.6108408296661,4233.8361574553455,0.4335177970489257,0.0,142.36539266761582,768.0306519544396
Vrijdag,2138.599390622972,575.8678643737832,4234.516950940948,0.35468309539260223,0.0,142.8932374107722,781.2078931213497
Zaterdag,1543.5225315786058,567.2971864208749,4199.418178988705,0.10177486044398287,0.0,123.64649376866156,776.5148986758405
Zondag,1373.3606847346568,562.7760601076943,4200.265649442065,0.23840777864279228,0.0,110.80409773582458,764.6181504152069
