Weekdag,Aardgas,Ander,Nucleair,Olie,Steenkool,Water,Wind
Maandag,2139.7970983622413,574.1820450383649,4216.569716068089,0.553381004577987,0.0,150.18146489135341,770.4344605068026
Dinsdag,2312.44049237706,578.7414185805112,4231.268044310367,0.5679614960425586,0.0,147.73096616712078,737.5736671856753
Woensdag,2332.124136964654,576.3333535539216,4230.607502612229,0.611280153508772,0.0,143.0629265995872,757.4706965299277
Donderdag,2282.8879188387095,574.0722236774194,4229.958984967741,0.437044,0.0,142.32834038709677,768.0893860967742
Vrijdag,2133.7346386984086,575.2876648660888,4230.619878089015,0.35358173761159273,0.0,142.84572664639668,783.3291348492689
Zaterdag,1540.7960243626244,566.7315063090462,4195.625444998059,0.10145874854406627,0.0,123.6656767503559,776.9269285298304
Zondag,1372.0892439852544,562.3200663885655,4196.48023674169,0.23766766912430476,0.0,110.96936980985642,762.811716272151
