Weekdag,Aardgas,Ander,Nucleair,Olie,Steenkool,Water,Wind
Maandag,2143.017847649613,609.4031703689395,4439.876217186024,0.7046059969442322,0.0,148.79382576335877,729.1925582230624
Dinsdag,2324.2596972494,621.1642300355339,4460.314391403143,0.5870416588828694,0.0,149.04765517890772,679.4657361163581
Woensdag,2302.7377100970875,615.4053479938271,4511.742831963295,0.40191522157996146,0.0,144.72664027504914,708.1660009752292
Donderdag,2257.501297834646,603.809801179941,4499.218821138212,0.6732858565737052,0.0,147.8443030063291,732.6189129007339
Vrijdag,2099.0329944055943,603.2491173173173,4512.48058713735,0.34903858717844016,0.0,144.69026045963466,713.5168970260975
Zaterdag,1504.1228891722244,589.6676196990423,4435.647766862746,0.16661703805955433,0.0,135.8746301665034,777.8523432893716
Zondag,1351.3374711228932,590.343236766673,4424.889438465942,0.3313000958772771,0.0,115.57460123767164,755.0095819263239
