Weekdag,Aardgas,Ander,Nucleair,Olie,Steenkool,Water,Wind
Maandag,2248.52896363439,598.9795449413808,4291.373895209147,0.5959635620205529,0.0,151.49743320306845,732.5262746779563
Dinsdag,2419.4859675258485,604.2279855832242,4306.752355795836,0.626922382408621,0.0,149.1757382044561,695.0956930974224
Woensdag,2438.4744890407983,601.6897793330439,4309.058304144965,0.6803026258680556,0.0,145.0503607494213,719.3725817057291
Donderdag,2378.528689037627,597.1050806439941,4305.490388386396,0.4729032923299566,0.0,142.96980499276413,744.9858110347324
Vrijdag,2250.3376236304734,599.0826814326794,4307.185901903687,0.38850795326320386,0.0,143.6845839187566,749.1548589888254
Zaterdag,1630.6225997377242,589.9648317791053,4274.733148440915,0.08792903977852251,0.0,124.876023349847,730.7460441497886
Zondag,1456.8904757536043,585.1070321464978,4275.703476008446,0.2661413644968691,0.0,112.23659232561526,711.3873529561672
