WeekdayName,Coal Pulverized,Liquid Fuel,Natural Gas,Nuclear,Other,Water,Wind
Maandag,0.0,0.6309272553738899,2301.8488644700806,4344.491456967383,613.9110330317868,149.28461262345425,687.5808445929123
Dinsdag,0.0,0.692503010536879,2467.276378658639,4358.099056154875,620.1487593243017,145.15572629202208,662.2933174862018
Woensdag,0.0,0.7506803618857902,2490.059637823705,4362.811210491368,619.223390438247,141.62439043824702,673.0895220368526
Donderdag,0.0,0.5022562271670541,2428.9309016937896,4358.015945325474,613.3129985469943,139.39248219030222,693.3164289687811
Vrijdag,0.0,0.4204703799366772,2298.1691594317613,4359.83295938177,613.5532126728879,140.71160989835028,706.5109518830194
Zaterdag,0.0,0.10033551425237539,1666.9806828221372,4329.064014669111,601.5431881563594,122.61845670111686,718.8811175612601
Zondag,0.0,0.21517208062635346,1496.0850307346327,4332.402349866733,597.6254790937865,110.24535019990005,688.9467177661169
