Weekdag,Aardgas,Ander,Nucleair,Olie,Steenkool,Water,Wind
Maandag,2220.4212607017544,594.1350719649123,4266.287815508772,0.5803281754385965,0.0,150.6273601403509,730.066686
Dinsdag,2394.7610597812622,599.6146258804374,4284.992942236223,0.6116059179556154,0.0,148.24630198562986,692.4508934272467
Woensdag,2414.859905933277,597.4295859023086,4288.106868841498,0.6643689822635135,0.0,143.76383657094595,717.6295227336711
Donderdag,2354.3481397493665,593.4224685651928,4285.902544001689,0.46090041537595045,0.0,141.94898486341876,742.7904745846241
Vrijdag,2227.112787353481,594.931532057619,4285.623717695241,0.3790919714729558,0.0,142.93962219319306,737.9630410958904
Zaterdag,1606.2387426896453,585.7530158920752,4249.549313321091,0.10474519706173188,0.0,124.52867912134484,737.2490747633847
Zondag,1435.042086721728,580.6187879429621,4249.865228116618,0.2585063885359311,0.0,110.93646925737681,720.090810920514
