Weekdag,Aardgas,Ander,Nucleair,Olie,Steenkool,Water,Wind
Maandag,2298.13290256935,608.2559059799909,4348.766926178566,0.6191513945732908,0.0,151.9192255570714,724.8036266105805
Dinsdag,2466.9164071700993,613.9894228451564,4361.070463577422,0.6536174675819985,0.0,148.42465503432496,690.4159955758962
Woensdag,2484.08423125,612.0422819318183,4362.486992765152,0.7110654545454546,0.0,144.56772037878787,717.6759145075757
Donderdag,2413.347503485905,606.9819069793876,4357.8955702864505,0.49273814034555924,0.0,142.28508169142165,749.8683030463777
Vrijdag,2284.1941177838785,608.7080829329673,4362.750936894685,0.39758251353618546,0.0,143.4069633951041,752.8467315640967
Zaterdag,1668.0245398412458,598.346533201038,4333.9217690810565,0.09211677606472295,0.0,123.58904915280111,741.6368759731338
Zondag,1489.0478995804729,592.8849043096873,4335.13223539283,0.2555045766590389,0.0,112.16186548436308,723.8251658657513
