Weekdag,Aardgas,Ander,Nucleair,Olie,Steenkool,Water,Wind
Maandag,2260.1179463104418,601.1904186615986,4300.4172433756075,0.6019534739227367,0.0,151.42274898578268,729.7924897481817
Dinsdag,2427.2723007726267,606.6611647167035,4316.398716151582,0.6335652685798381,0.0,149.08551835908756,697.2027934142752
Woensdag,2447.22280003655,604.364436622807,4318.648139656432,0.6874637061403509,0.0,145.12843326023392,717.6468239400585
Donderdag,2379.6253800087748,599.3819268792045,4314.122370247148,0.47730458467388126,0.0,143.2297616627669,750.2905227771279
Vrijdag,2255.2261830717325,600.9026158500807,4313.8479913451665,0.3914277541440516,0.0,143.8599488778055,749.8721452985184
Zaterdag,1637.197011665444,591.6775415260455,4280.979172560528,0.0885483492296405,0.0,124.56622641232575,731.8752621423331
Zondag,1462.8666880774308,586.6763062765801,4282.41488938994,0.2680147748936794,0.0,112.01380777973309,711.5466784719167
