Weekdag,Aardgas,Ander,Nucleair,Olie,Steenkool,Water,Wind
Maandag,1946.39249049217,529.90470924217,4642.9112141359055,0.662137653803132,0.0,155.01499594519015,827.3381646392618
Dinsdag,2117.545734969239,527.6260044742729,4659.5722471336685,0.8543675894854585,0.0,152.33165548098435,801.8132031599553
Woensdag,2126.2919856683448,529.6467804110738,4660.506757829978,0.8530736157718121,0.0,148.68523440995526,861.8643069071588
Donderdag,2046.1842436381432,525.797362905481,4652.276641359061,0.6326793204697986,0.0,143.29986919742728,850.4944005173378
Vrijdag,1850.4906416649208,525.4986192904037,4643.798249249249,0.4270213003701376,0.0,144.82654102940148,874.2233491863957
Zaterdag,1291.3609211409396,519.1258224272931,4615.490983571029,0.17695938199105143,0.0,131.90704082774047,828.7887421700224
Zondag,1164.7534384088367,520.9945645274049,4624.897680229306,0.3675101370246085,0.0,114.40451621923937,785.0755453020134
