Weekdag,Aardgas,Ander,Nucleair,Olie,Steenkool,Water,Wind
Maandag,2206.5259383335624,588.5813715798157,4237.640876667125,0.5817728928915167,0.0,150.1431076584628,726.746617386223
Dinsdag,2368.3945112771553,592.8207769129654,4253.38821609935,0.6018871592638716,0.0,147.66874923896498,700.6846847239518
Woensdag,2385.9551190525303,591.3942487279978,4255.0656298817385,0.6512178217821782,0.0,143.1234423129813,728.1920366130363
Donderdag,2337.6494165749655,587.5720153713892,4252.674274105915,0.45092967675378265,0.0,141.4176665749656,741.3371909903714
Vrijdag,2199.2701752310663,588.6079416126362,4252.685904676507,0.3721629879983446,0.0,142.19326758863292,744.153195475238
Zaterdag,1585.5349986201186,579.4324178625639,4217.497253001242,0.1081787981233614,0.0,124.72444711604803,740.7080617841866
Zondag,1419.0358740863328,574.892135498552,4218.673740311681,0.2534007378292649,0.0,110.79379389049785,717.2595160667495
