Weekdag,Aardgas,Ander,Nucleair,Olie,Steenkool,Water,Wind
Maandag,2055.358802875244,541.8841690564198,4390.34872343623,0.5379382590681994,0.0,149.82426859789544,845.2165208401041
Dinsdag,2236.116887418028,544.8736586299584,4400.426421775081,0.5656840047248585,0.0,147.67075740537018,816.1138897939236
Woensdag,2266.627389306159,542.7173790892118,4397.950177619028,0.5773981492755388,0.0,143.4360674512987,842.0734248843438
Donderdag,2199.145185417515,539.552569218241,4401.8566612633895,0.43703808088624607,0.0,143.07934142467315,867.6367668187
Vrijdag,2019.569359978738,539.894797154189,4402.227293804948,0.29555332460947087,0.0,143.41715925910782,905.7155572000981
Zaterdag,1453.8057906311317,535.1165866143342,4367.420151684933,0.10347573887094795,0.0,126.72104921517332,862.6985985855035
Zondag,1291.5081187520418,532.4764231051944,4369.765635290755,0.21467106337798103,0.0,110.62365481051944,841.0033059457694
