Weekdag,Aardgas,Ander,Nucleair,Olie,Steenkool,Water,Wind
Maandag,2292.2514211943794,612.5899979313036,4367.06703754879,0.6112971896955504,0.0,150.7249838797814,712.4945469555036
Dinsdag,2455.7364250353608,617.9244350542198,4379.965922363665,0.6530940201162974,0.0,147.5022706270627,691.9444750903663
Woensdag,2472.2445524420787,616.229436521603,4382.78823195836,0.7326527473387601,0.0,143.63938114433313,717.6354742094552
Donderdag,2421.5370282043245,610.951145252272,4378.537148856158,0.5024041444688185,0.0,141.19281890473206,736.1681490128487
Vrijdag,2295.998331080019,612.1901609023738,4380.953103835875,0.40144360163496307,0.0,142.23696981606665,734.6835297123095
Zaterdag,1674.1918886617393,601.2211622110395,4351.664011951565,0.09466032395030666,0.0,122.78158216700739,731.6222876631546
Zondag,1491.1505519016189,596.4490210985384,4352.929193540783,0.245756129184347,0.0,111.74827683482634,715.6472752632405
