Weekdag,Aardgas,Ander,Nucleair,Olie,Steenkool,Water,Wind
Maandag,2302.346772820893,614.4036657192289,4348.251197643764,0.632052932937881,0.0,149.28682740154886,692.0785846927006
Dinsdag,2462.5223101460097,619.9268422515347,4362.146395843703,0.6869878048780487,0.0,145.62224294839888,669.1819133067861
Woensdag,2485.7448348155467,619.0055038290513,4366.672268651186,0.7447461297760211,0.0,142.0254761198946,681.37376506917
Donderdag,2425.986387240724,613.4407273365837,4360.236543963309,0.5007422113874886,0.0,139.4641676307743,696.9342294851665
Vrijdag,2297.467582987552,613.8815240248963,4361.694376846473,0.4187954771784232,0.0,140.70312269709544,708.4178824481328
Zaterdag,1668.6138143367093,601.9572619956832,4331.078624439648,0.09993570479827328,0.0,122.36691482649842,718.3812079113399
Zondag,1498.8813965488632,598.0498133399701,4334.474796042808,0.21431524805043967,0.0,110.37073701675793,687.9848503401361
