Weekdag,Aardgas,Ander,Nucleair,Olie,Steenkool,Water,Wind
Maandag,2161.9281085291245,574.7029571026363,4231.381691141467,0.6307036449267943,0.0,151.4372474025306,753.8961417387721
Dinsdag,2302.993242918992,578.6784873857973,4235.4980063518515,0.637469706433479,0.0,146.38486345065996,732.1841019181519
Woensdag,2311.352664429882,577.3733657424393,4247.689882559112,0.5476842105263159,0.0,144.75411919738005,754.689719037844
Donderdag,2280.972751064389,576.5150726908265,4261.89993563472,0.40148867026008683,0.0,142.44811578836314,765.9730312891767
Vrijdag,2135.4098109854604,579.1084084728858,4245.252952647845,0.35965904463586534,0.0,143.04613292497774,777.7268711413647
Zaterdag,1540.9106186484798,567.5742905902615,4219.96558541307,0.08993926406021326,0.0,124.45987611403555,770.937350399005
Zondag,1364.4340608659493,563.6689823345492,4233.5519224275495,0.3024378406436543,0.0,112.66523942272752,776.8644562173458
