Weekdag,Aardgas,Ander,Nucleair,Olie,Steenkool,Water,Wind
Maandag,2147.0846461508404,575.5639515110068,4223.139725739221,0.5589674351960402,0.0,150.37606350136772,768.9966545199948
Dinsdag,2314.765290504257,580.1825038310412,4237.117741552063,0.570579502292076,0.0,147.79350471512768,738.6357981008514
Woensdag,2338.1041896557354,578.8606313917442,4238.834024180127,0.6185209658998205,0.0,143.29084336759666,752.6202138032305
Donderdag,2299.5496309119417,575.9478360334465,4236.790561830416,0.437595832244578,0.0,142.5597987326888,759.1600736542985
Vrijdag,2152.1979890279054,577.1274022337219,4237.518525645225,0.35802872396174507,0.0,142.82898811083453,775.5544628913926
Zaterdag,1550.8331339601625,568.4390312213341,4204.791300222775,0.10273512645786922,0.0,123.8261912265758,775.0559864696633
Zondag,1378.3731317288803,563.8046422396857,4205.83084967256,0.2406560248853962,0.0,111.11506123117223,764.4659991159136
