Weekdag,Aardgas,Ander,Nucleair,Olie,Steenkool,Water,Wind
Maandag,2132.18095531262,572.9998589055108,4206.018092699143,0.5486757447896689,0.0,150.61784826109192,767.5634161871884
Dinsdag,2307.084028414033,577.8646933732805,4222.658483747302,0.5640642054057536,0.0,147.52250794111015,738.5688693341065
Woensdag,2325.735655673077,575.2365388141026,4222.880674070513,0.6075184294871795,0.0,143.16571336538462,758.2561845512821
Donderdag,2274.077779847397,573.1417410874584,4222.243856469608,0.4464282828930495,0.0,142.65710291100282,768.9996077199281
Vrijdag,2123.710345859586,574.3493791950624,4222.877852385238,0.3516647486177189,0.0,143.0472624083837,787.6127054455446
Zaterdag,1536.0124835691317,565.8035886173633,4188.100611864952,0.10083237942122188,0.0,123.90995536977492,778.0468922829582
Zondag,1367.3412164159918,561.4621592106955,4188.928681739299,0.2362011505334876,0.0,110.84499199768608,764.7165752024682
