Weekdag,Aardgas,Ander,Nucleair,Olie,Steenkool,Water,Wind
Maandag,2297.4521044061303,610.4588453256705,4358.929014750957,0.6000549425287356,0.0,151.66551570881225,722.2574977011495
Dinsdag,2468.8552473006325,616.2719424649082,4371.512348372667,0.653376716026531,0.0,148.03152980873054,687.1512267468764
Woensdag,2492.2668907781863,614.024930223652,4372.989381089154,0.7169402190563725,0.0,143.9772642846201,713.0205873927697
Donderdag,2427.640758006436,609.0174456405149,4368.445420510267,0.4913183037082439,0.0,141.35509439166412,739.6813416334661
Vrijdag,2296.904709415834,610.1957759415834,4370.252927209838,0.40049773251345117,0.0,142.5804779784781,742.3469744427363
Zaterdag,1677.3922431848853,599.9943216888374,4343.294765143628,0.09283902062849432,0.0,122.99575241951032,734.5763731636785
Zondag,1494.4381580672527,594.679336919636,4345.177108013266,0.24120719574271168,0.0,111.92494474008946,720.9908153246953
