Weekdag,Aardgas,Ander,Nucleair,Olie,Steenkool,Water,Wind
Maandag,2291.764832427126,607.5471186754266,4345.049188113578,0.6169070759703972,0.0,151.75958571212806,729.1598703745658
Dinsdag,2461.067153404773,613.2531939124488,4357.2150590515275,0.653578887368901,0.0,148.80882656938743,694.5736749126007
Woensdag,2478.6920809178746,611.3580177762682,4358.639387001812,0.7084891304347827,0.0,144.75796014492752,721.7247779664855
Donderdag,2409.8313328677136,606.3298870431894,4354.0605562141345,0.49095231803080636,0.0,142.2945844155844,753.8326594306856
Vrijdag,2282.794249242539,607.2323049916679,4355.781779503106,0.39490224965914256,0.0,143.88374590971065,749.9512433722163
Zaterdag,1663.571573836945,596.9275694423397,4327.380210107592,0.09144673435368995,0.0,123.57614581754811,737.9304944309744
Zondag,1486.340489099886,592.2635627800987,4331.1160546904675,0.2544371439422712,0.0,112.32813980250666,721.5902706038739
