Weekdag,Aardgas,Ander,Nucleair,Olie,Steenkool,Water,Wind
Maandag,2241.688947643604,597.4888844721387,4286.580166451798,0.5898169674831686,0.0,151.92045448359832,732.6606819939836
Dinsdag,2415.4448750541987,603.0997673074144,4302.928186370863,0.6224383581442404,0.0,149.22721422893483,695.1886997398468
Woensdag,2433.3345529454023,600.6623728089081,4305.103122198276,0.6776248922413793,0.0,145.1469369612069,721.6283617816092
Donderdag,2376.0220839321646,596.1563467591262,4302.294377874389,0.4699492311008911,0.0,143.19837931158378,743.9762543475138
Vrijdag,2242.235029659795,597.6120929796742,4302.449447816059,0.3864699798183653,0.0,143.80112314401038,745.0007212411706
Zaterdag,1621.4778598053354,588.2544376712328,4269.871231939438,0.08701614996395098,0.0,125.38764578226389,733.1534115356885
Zondag,1450.093992542153,583.2299543522121,4270.1641038334055,0.2633798457991065,0.0,111.64444977662488,716.8457926934717
