WeekdayName,Aardgas,Nucleair,Olie,Other,Steenkool,Water,Wind
Maandag,2301.5201318444997,4346.234578494624,0.6345623242349049,614.1250206782465,0.0,149.37134156327542,692.0523401571547
Dinsdag,2469.37951382642,4360.112838705647,0.6897343828085957,620.4220149092121,0.0,145.38215846243546,663.1624170414793
Woensdag,2490.3262215608465,4364.615894510582,0.7477014715608465,619.4938979828042,0.0,141.68335420800264,675.8967804646164
Donderdag,2428.5241539355216,4358.272240653915,0.5019853118127878,613.3372569602922,0.0,139.32004605618025,693.4424417244098
Vrijdag,2298.1691594317613,4359.83295938177,0.4204703799366772,613.5532126728879,0.0,140.71160989835028,706.5109518830194
Zaterdag,1666.9806828221372,4329.064014669111,0.10033551425237539,601.5431881563594,0.0,122.61845670111686,718.8811175612601
Zondag,1496.0850307346327,4332.402349866733,0.21517208062635346,597.6254790937865,0.0,110.24535019990005,688.9467177661169
