Weekdag,Aardgas,Ander,Nucleair,Olie,Steenkool,Water,Wind
Maandag,2293.613559677813,613.8241942885038,4354.751198559922,0.6241850541046294,0.0,149.25672772760558,698.4647660890082
Dinsdag,2443.387092597147,618.7610957943925,4368.434718970323,0.681363707165109,0.0,146.04097311034596,684.2644717986554
Woensdag,2467.70277335612,617.8820361328125,4373.032533447265,0.7434676513671875,0.0,142.25072501627605,696.3060684814453
Donderdag,2411.9139098013675,611.2779103712146,4368.3877345327255,0.5036385135135135,0.0,140.213730910127,714.5334054054053
Vrijdag,2290.1920450906714,612.8249576458095,4370.0968659532755,0.41222720960627346,0.0,140.89418113870283,711.768755146218
Zaterdag,1663.2673840905377,602.6136901863049,4336.656032317373,0.09837310017976794,0.0,122.56933996568067,719.0163431933322
Zondag,1488.8915155969296,597.848044504328,4340.212599787686,0.2109603544014372,0.0,110.50878123468887,696.9032898497469
