Weekdag,Aardgas,Ander,Nucleair,Olie,Steenkool,Water,Wind
Maandag,2259.3073942116866,585.0144766262404,4702.334618081588,0.6278355567805953,0.0,147.92917927232634,763.2724363285556
Dinsdag,2414.214990386209,587.6601863638875,4712.108386230523,0.712838932478727,0.0,143.56824345231516,744.7304615724626
Woensdag,2447.5758557017543,587.7557653508773,4716.635311513158,0.7409501644736842,0.0,139.63786118421052,770.839105756579
Donderdag,2373.2301002478657,578.6838165794546,4707.844987110989,0.4960061140181768,0.0,137.63750895070228,800.5941310382814
Vrijdag,2231.046597163749,580.2583320407712,4708.93510669178,0.3709090959450476,0.0,138.62017028584089,813.3315506869045
Zaterdag,1615.5834687984927,574.172264464642,4678.294239303923,0.09993460430059854,0.0,125.55135978718688,800.8018386167147
Zondag,1447.8006283229952,570.6945674014178,4683.890016504209,0.1702449047408064,0.0,108.20271699158174,761.4326081081081
