Weekdag,Aardgas,Ander,Nucleair,Olie,Steenkool,Water,Wind
Maandag,1866.5366160067288,512.6283276397515,4579.823458009834,0.6283030538302278,0.0,154.79317908902692,898.3872628752588
Dinsdag,2049.474095173395,512.3597361542444,4593.872702186853,0.7923795289855072,0.0,152.00826766304348,859.5907451475156
Woensdag,2071.3074521156695,513.3116898750483,4595.040424964575,0.785880401880595,0.0,148.4924514363004,893.1285763235862
Donderdag,2015.9609220679013,511.2235846193416,4588.124928690844,0.5986351594650205,0.0,145.11573868312757,874.7116509130659
Vrijdag,1803.541611432613,510.2005089377572,4576.547629565329,0.40217418981481484,0.0,145.85450970936213,923.9630536908436
Zaterdag,1250.617229359568,504.5540058513375,4551.064257201646,0.16275893775720163,0.0,129.29542444701647,877.5804231610083
Zondag,1111.0315057181624,505.9050354719907,4563.517043225431,0.3396565871939006,0.0,114.36902028816955,861.561605479098
