WeekdayName,Aardgas,Ander,Nucleair,Olie,Steenkool,Water,Wind
Maandag,2302.346772820893,614.4036657192289,4348.251197643764,0.632052932937881,0.0,149.28682740154886,692.0785846927006
Dinsdag,2462.5223101460097,619.9268422515347,4362.146395843703,0.6869878048780487,0.0,145.62224294839888,669.1819133067861
Woensdag,2489.0801401073936,619.4056524576622,4364.993121767865,0.7471455596860801,0.0,141.58214130524576,676.8379732342007
Donderdag,2427.362295980814,613.5273194674165,4359.852174040688,0.5011149106847502,0.0,139.5653375372147,695.7904918127688
Vrijdag,2297.467582987552,613.8815240248963,4361.694376846473,0.4187954771784232,0.0,140.70312269709544,708.4178824481328
Zaterdag,1668.6138143367093,601.9572619956832,4331.078624439648,0.09993570479827328,0.0,122.36691482649842,718.3812079113399
Zondag,1498.8813965488632,598.0498133399701,4334.474796042808,0.21431524805043967,0.0,110.37073701675793,687.9848503401361
