Weekdag,Aardgas,Ander,Nucleair,Olie,Steenkool,Water,Wind
Maandag,2281.661039070671,605.0597741670402,4332.3615331316305,0.6102706932616166,0.0,151.9505536007769,726.7032630733602
Dinsdag,2453.5773776487445,611.537043963502,4348.7952957921725,0.6485024507955659,0.0,148.94400350652288,694.9586060628911
Woensdag,2472.15309371253,609.6260740407674,4350.931536758094,0.7047739433453238,0.0,145.16983884142687,722.5243616981414
Donderdag,2402.9855934407797,604.5402277736132,4346.387281784108,0.48741922788605696,0.0,143.05602631184408,754.9221168665667
Vrijdag,2280.1184187471804,605.7155513235073,4346.953530455708,0.39340679049481125,0.0,143.9188799067529,749.4624966536321
Zaterdag,1658.461705844742,595.4557279975929,4317.063636151647,0.0907863697908831,0.0,123.71316304347826,733.7525352414624
Zondag,1479.9827092542475,590.4569446323861,4318.732010111262,0.2518166441136671,0.0,112.21802447000451,718.0930528116072
