Weekdag,Aardgas,Ander,Nucleair,Olie,Steenkool,Water,Wind
Maandag,2292.2514211943794,612.5899979313036,4367.06703754879,0.6112971896955504,0.0,150.7249838797814,712.4945469555036
Dinsdag,2449.594434815165,617.8918502009932,4381.29265760227,0.6551016394734768,0.0,147.05820048080713,694.0302050918262
Woensdag,2471.533955905388,616.2640968828321,4383.059394149436,0.7331118029448621,0.0,143.7254645989975,718.081052239975
Donderdag,2421.5370282043245,610.951145252272,4378.537148856158,0.5024041444688185,0.0,141.19281890473206,736.1681490128487
Vrijdag,2295.998331080019,612.1901609023738,4380.953103835875,0.40144360163496307,0.0,142.23696981606665,734.6835297123095
Zaterdag,1674.1918886617393,601.2211622110395,4351.664011951565,0.09466032395030666,0.0,122.78158216700739,731.6222876631546
Zondag,1491.1505519016189,596.4490210985384,4352.929193540783,0.245756129184347,0.0,111.74827683482634,715.6472752632405
