Weekdag,Aardgas,Ander,Nucleair,Olie,Steenkool,Water,Wind
Maandag,2290.08849302448,606.7855137442184,4342.0213398262695,0.6143784830594518,0.0,152.03881171736924,728.8523860414394
Dinsdag,2455.5308086475843,612.5186954793276,4354.819883613509,0.6512033166742389,0.0,149.06115258215962,696.3589969710738
Woensdag,2472.7946935920577,610.6706997593261,4356.166611913357,0.7073182536101084,0.0,144.97685454271962,724.8658658619133
Donderdag,2405.2111251880833,605.5823983599157,4351.608951963587,0.48917939362022267,0.0,142.79360844869095,755.8943982470659
Vrijdag,2280.157686716981,606.5050589056603,4352.216493320755,0.394280641509434,0.0,144.1620178490566,748.8840736603773
Zaterdag,1660.7919565906689,596.0793822285973,4322.202351426846,0.09111535557904273,0.0,123.70526245659067,735.926020836479
Zondag,1482.9593431794176,591.1239200995926,4323.877210427041,0.2527286102308737,0.0,111.98607797645994,720.434959446205
