Weekdag,Aardgas,Ander,Nucleair,Olie,Steenkool,Water,Wind
Maandag,2113.060521830933,571.0232394524237,4130.006418538056,0.5201851354376539,0.0,150.04188370510397,767.5172917076121
Dinsdag,2274.567159402985,573.8357017991004,4149.401701930962,0.7089587166255328,0.0,146.35857976477683,720.0692733035048
Woensdag,2319.6927214951866,577.1019663486428,4127.392107746843,0.5517703306523682,0.0,139.6093852781698,730.8989380807255
Donderdag,2290.338702495767,577.3394712356912,4160.6272156920795,0.37771983640081797,0.0,141.93323204948817,734.7516665683745
Vrijdag,2140.1596267386803,575.023057236793,4167.75688591539,0.39179671698666274,0.0,138.5989165236852,752.7865525029621
Zaterdag,1524.3785398516125,565.1361061221476,4094.6370040635393,0.09561871301775147,0.0,122.82477124760642,750.8518417324577
Zondag,1344.1584910700772,560.7935573011537,4103.8489557994435,0.2975353975535168,0.0,111.19360793782539,767.1685790388393
