Weekdag,Aardgas,Ander,Nucleair,Olie,Steenkool,Water,Wind
Maandag,2185.5709101366897,583.8089112193801,4233.223284882934,0.5735115712545675,0.0,150.40457812288537,734.9892355190148
Dinsdag,2347.583683826289,588.9411741889263,4248.747250434961,0.593571248251629,0.0,147.80289073107494,710.6821066421041
Woensdag,2364.5468635654183,587.6224841883821,4251.192324952497,0.6431384025515744,0.0,143.29024531758958,738.6246123099892
Donderdag,2320.0418890171054,583.8984355145262,4248.864951092859,0.4473588786315504,0.0,141.75127996877546,744.7840146619603
Vrijdag,2182.585216269571,585.0040218515998,4248.909489346494,0.37206715452688904,0.0,142.62096963921036,749.6167291354664
Zaterdag,1571.8536073471334,575.8462044123654,4214.152756230424,0.10676450360887921,0.0,124.75712001225658,752.8524202641971
Zondag,1406.687949741391,571.1943653191779,4215.306680277664,0.2500896624472574,0.0,111.06029175173539,729.9463761058936
