Weekdag,Aardgas,Ander,Nucleair,Olie,Steenkool,Water,Wind
Maandag,2132.18095531262,572.9998589055108,4206.018092699143,0.5486757447896689,0.0,150.61784826109192,767.5634161871884
Dinsdag,2303.956080826584,577.5235573017097,4219.621006106183,0.5659370741740584,0.0,147.69721783005528,737.5663029631058
Woensdag,2320.2705758243865,574.7311210697852,4219.037401744632,0.6061092791411042,0.0,143.21789807004092,760.1837372827198
Donderdag,2268.457020295321,572.6566181603171,4218.396840961391,0.4450585208386602,0.0,142.83150383533624,772.7373709089748
Vrijdag,2122.5453755019435,574.2015851135596,4222.0300825596705,0.3514275113238459,0.0,142.9507991904655,788.491966333644
Zaterdag,1536.0124835691317,565.8035886173633,4188.100611864952,0.10083237942122188,0.0,123.90995536977492,778.0468922829582
Zondag,1367.3412164159918,561.4621592106955,4188.928681739299,0.2362011505334876,0.0,110.84499199768608,764.7165752024682
