Weekdag,Aardgas,Ander,Nucleair,Olie,Steenkool,Water,Wind
Maandag,2307.0726104697774,614.0637203383037,4355.901918831169,0.6272758537758538,0.0,149.49647310405643,700.6887624659291
Dinsdag,2461.213278519958,619.5179242166627,4368.078426605133,0.6729232045988178,0.0,146.10695931503523,680.5800147761314
Woensdag,2489.5137425997427,618.7382581241957,4372.22975466538,0.7352122345559845,0.0,142.56429150579152,691.9538784990348
Donderdag,2433.043397046991,612.2687545059543,4367.662850860959,0.515987005149662,0.0,140.40424485033796,710.880135782105
Vrijdag,2309.67801840788,613.8480329404166,4370.02840424673,0.40743464395284995,0.0,141.32991284514773,710.2755116663976
Zaterdag,1679.1479856242931,602.7708999757713,4339.9940811258275,0.09722904215797126,0.0,122.46624418510741,719.0144487562591
Zondag,1500.841257748184,598.2909876109766,4341.344881073446,0.2524207021791767,0.0,110.60341719128328,697.8948124697337
