Weekdag,Aardgas,Ander,Nucleair,Olie,Steenkool,Water,Wind
Maandag,2141.6694549730746,575.0802777201063,4221.987594984753,0.5568277428145073,0.0,150.36141312528386,769.8260591708299
Dinsdag,2309.801991154198,579.7242164447056,4236.135558787048,0.5705138399268833,0.0,147.7608487400444,740.5201039952997
Woensdag,2329.817236305815,577.9568144470404,4235.452063278816,0.615088752596054,0.0,143.13138100337488,759.1060238836968
Donderdag,2290.4279657556476,575.1037711308751,4234.844820468709,0.4348686704752012,0.0,142.48586568423787,764.6531064983121
Vrijdag,2142.3305224580135,576.3337713188387,4235.554850442651,0.35579133576357247,0.0,143.0655516208827,779.3494768910299
Zaterdag,1545.6859025914832,567.6879720666753,4203.046571689022,0.10209294830055997,0.0,123.64528919781222,775.2079755827582
Zondag,1374.822967428088,563.1204300078094,4204.068444617988,0.2391525120395679,0.0,111.06777277756085,766.6551223480411
