Weekdag,Aardgas,Ander,Nucleair,Olie,Steenkool,Water,Wind
Maandag,2261.6051840477244,602.694130100162,4311.875008948299,0.6064976064221534,0.0,151.39046509058772,729.4851056488437
Dinsdag,2431.0612457759003,608.0402732696012,4325.2620474655405,0.6379107010523196,0.0,149.01591896398398,694.9414303023566
Woensdag,2452.7585612700755,606.4000152482924,4329.629423740078,0.6944436773121655,0.0,145.1641229093594,715.977216835887
Donderdag,2385.9295086092225,601.4910155557199,4325.423479419155,0.4818258941767662,0.0,143.09254212237659,749.6764556237067
Vrijdag,2261.7121133432174,603.0693622312824,4325.871745811713,0.3894227575982209,0.0,143.8105122683469,751.4434962935509
Zaterdag,1644.9698123980424,593.5590371867121,4296.323179408275,0.08949384546937565,0.0,124.2944305946908,733.0852162613081
Zondag,1468.3320864458278,588.508134430117,4297.823562138728,0.2708748703127316,0.0,112.19195227508521,714.6484078108789
