Weekdag,Aardgas,Ander,Nucleair,Olie,Steenkool,Water,Wind
Maandag,2281.661039070671,605.0597741670402,4332.3615331316305,0.6102706932616166,0.0,151.9505536007769,726.7032630733602
Dinsdag,2451.295411141182,610.7020978800181,4344.317550819425,0.646916629078334,0.0,149.234815666817,693.7963164561721
Woensdag,2466.2229604614695,608.5967816980286,4345.727819071088,0.7022478718637993,0.0,144.93512850955793,722.2987181152927
Donderdag,2397.32280598297,603.9029124962653,4341.177670675232,0.48700836570062744,0.0,143.07581901703017,754.1530299895428
Vrijdag,2276.516209613367,604.9501327738649,4341.730098194215,0.39362453169488987,0.0,143.794471864229,747.797223699985
Zaterdag,1657.9332674610932,595.3578168182843,4316.31519209082,0.09073859108337719,0.0,123.64805574768815,733.4006368318172
Zondag,1479.9827092542475,590.4569446323861,4318.732010111262,0.2518166441136671,0.0,112.21802447000451,718.0930528116072
