WeekdayName,Coal Pulverized,Liquid Fuel,Natural Gas,Nuclear,Other,Water,Wind
Maandag,0.0,0.631294012622488,2302.4665172728783,4344.199985384487,613.9141361900016,149.36966251453248,686.6841046753032
Dinsdag,0.0,0.6949146981076658,2464.5962470524064,4358.955102924516,619.9529856921075,144.7045314899509,664.0728626274494
Woensdag,0.0,0.7536830833333333,2488.3516632083333,4361.526351833333,618.8706865,141.427801625,669.6268779583334
Donderdag,0.0,0.5042659219739913,2426.5066224158054,4356.074424933311,612.9740903634545,139.1972703817939,693.5177700483495
Vrijdag,0.0,0.4221587334783336,2295.442586414589,4357.881557344822,613.2234393926719,140.4219442446043,704.7052163292622
Zaterdag,0.0,0.10073853556485354,1664.7241381589959,4326.950113891214,601.1276507112971,122.54348393305439,718.0406158158995
Zondag,0.0,0.21603579193845124,1495.2723332078942,4330.34708508948,597.1892884679712,110.41836205887272,687.6001450493394
