Weekdag,Aardgas,Ander,Nucleair,Olie,Steenkool,Water,Wind
Maandag,2147.0846461508404,575.5639515110068,4223.139725739221,0.5589674351960402,0.0,150.37606350136772,768.9966545199948
Dinsdag,2314.765290504257,580.1825038310412,4237.117741552063,0.570579502292076,0.0,147.79350471512768,738.6357981008514
Woensdag,2335.602377408854,578.364568359375,4236.4032640625,0.6170109049479167,0.0,143.27947906901042,755.5269072916667
Donderdag,2298.624564770391,575.8338770194849,4236.551464473383,0.4372673390123698,0.0,142.46382564705115,759.6692652828094
Vrijdag,2152.1979890279054,577.1274022337219,4237.518525645225,0.35802872396174507,0.0,142.82898811083453,775.5544628913926
Zaterdag,1550.8331339601625,568.4390312213341,4204.791300222775,0.10273512645786922,0.0,123.8261912265758,775.0559864696633
Zondag,1378.3731317288803,563.8046422396857,4205.83084967256,0.2406560248853962,0.0,111.11506123117223,764.4659991159136
