Weekdag,Aardgas,Ander,Nucleair,Olie,Steenkool,Water,Wind
Maandag,2259.1453909779916,600.4500194213672,4297.64284787203,0.6001329616673954,0.0,151.44050991109168,728.6951461157265
Dinsdag,2427.0374153834873,605.9551031309576,4313.058900828567,0.6313353864202962,0.0,149.16935188444054,696.214364716234
Woensdag,2445.0827464670742,603.0753376311189,4315.347956111596,0.685059986888112,0.0,145.20985281905595,716.6441457604896
Donderdag,2379.5398674584667,598.4105974934422,4310.879822537161,0.47563520110754887,0.0,143.09928202419118,748.0656885383271
Vrijdag,2253.3626263338692,599.9125650855138,4310.6201093041955,0.3900545241923695,0.0,143.92504092968863,747.8787787969595
Zaterdag,1634.8311038163474,590.8546397865185,4277.846922868841,0.08823760783740313,0.0,124.73158824389532,729.6121240678461
Zondag,1462.5606338084942,586.5637685514309,4281.990359485507,0.26788709736523875,0.0,112.00819740554802,711.2223737769797
