Weekdag,Aardgas,Ander,Nucleair,Olie,Steenkool,Water,Wind
Maandag,2312.591735272815,614.5547383309191,4353.766793054885,0.6296989377112506,0.0,149.53169028649606,694.3887479478514
Dinsdag,2462.4898753038406,619.6383806109221,4367.689955882353,0.67341391184573,0.0,146.21350303840546,679.4167523497002
Woensdag,2489.5137425997427,618.7382581241957,4372.22975466538,0.7352122345559845,0.0,142.56429150579152,691.9538784990348
Donderdag,2426.448061024337,612.1425711345199,4368.877741171247,0.5001847277717237,0.0,140.16881543366833,711.9942975743633
Vrijdag,2302.864234114119,613.7422412060301,4370.892916963851,0.4090197357756524,0.0,141.21535025936132,711.7507833927704
Zaterdag,1675.821698800065,602.6809451516134,4337.724590238366,0.09760742662558781,0.0,122.48558825198637,718.8275125263499
Zondag,1500.685318060282,598.1871619267541,4339.0680634824175,0.23331712850429429,0.0,110.70421637497974,695.1697789256198
