Weekdag,Aardgas,Ander,Nucleair,Olie,Steenkool,Water,Wind
Maandag,2307.0726104697774,614.0637203383037,4355.901918831169,0.6272758537758538,0.0,149.49647310405643,700.6887624659291
Dinsdag,2458.184029015335,619.0557820823244,4369.786126150121,0.6708050443906376,0.0,146.3452447134786,682.0076437853107
Woensdag,2485.5026552483973,618.2598235576924,4374.338291866987,0.7323844951923076,0.0,142.45003986378205,694.1982557692309
Donderdag,2429.833424174415,611.7759577188201,4369.829263706316,0.5140018034626482,0.0,140.41213546008336,712.1794420888104
Vrijdag,2308.560836466317,613.7372551028641,4370.450357845906,0.40713880597014923,0.0,141.2272933037515,710.3243914885034
Zaterdag,1679.1479856242931,602.7708999757713,4339.9940811258275,0.09722904215797126,0.0,122.46624418510741,719.0144487562591
Zondag,1500.841257748184,598.2909876109766,4341.344881073446,0.2524207021791767,0.0,110.60341719128328,697.8948124697337
