Weekdag,Aardgas,Ander,Nucleair,Olie,Steenkool,Water,Wind
Maandag,2305.8648496755586,613.978885604422,4356.321142513819,0.6268236000961307,0.0,149.39343943763518,701.603866178002
Dinsdag,2458.184029015335,619.0557820823244,4369.786126150121,0.6708050443906376,0.0,146.3452447134786,682.0076437853107
Woensdag,2485.5026552483973,618.2598235576924,4374.338291866987,0.7323844951923076,0.0,142.45003986378205,694.1982557692309
Donderdag,2429.833424174415,611.7759577188201,4369.829263706316,0.5140018034626482,0.0,140.41213546008336,712.1794420888104
Vrijdag,2305.0010343413223,613.2506961959144,4372.26656446035,0.4098274489303523,0.0,141.67390863760656,712.3493420057905
Zaterdag,1675.3978131134354,602.3339088897827,4342.350124899437,0.09685358004827033,0.0,122.65723889782782,721.2864936444087
Zondag,1497.6353682666022,597.9240826097443,4343.686286702043,0.2514465750120598,0.0,110.92929088277859,698.289719609262
