Weekdag,Aardgas,Ander,Nucleair,Olie,Steenkool,Water,Wind
Maandag,2299.3095678021086,614.0845683698296,4356.580492295215,0.6222107461476075,0.0,149.388101216545,696.7767642335767
Dinsdag,2448.6800610403398,619.047756696064,4370.681157439164,0.6786930017965049,0.0,146.13575187816429,681.6454089906908
Woensdag,2474.61101892834,618.2516983625162,4375.2425033641375,0.7405747811284047,0.0,142.39345269941634,693.74778125
Donderdag,2411.9673246288385,611.3552067927598,4368.781901118568,0.5032902582875737,0.0,140.118635509457,714.1539656294489
Vrijdag,2290.1920450906714,612.8249576458095,4370.0968659532755,0.41222720960627346,0.0,140.89418113870283,711.768755146218
Zaterdag,1663.2673840905377,602.6136901863049,4336.656032317373,0.09837310017976794,0.0,122.56933996568067,719.0163431933322
Zondag,1488.8915155969296,597.848044504328,4340.212599787686,0.2109603544014372,0.0,110.50878123468887,696.9032898497469
