Weekdag,Aardgas,Ander,Nucleair,Olie,Steenkool,Water,Wind
Maandag,2126.9752447100063,572.6642728808158,4202.202722785213,0.5484199490121097,0.0,150.35481096239644,767.7719553537285
Dinsdag,2298.2586037421506,577.1239304754582,4215.736888824811,0.5641963988209663,0.0,147.84931157887993,740.1685577342048
Woensdag,2314.5008965341485,574.3973763060652,4215.172551063965,0.6047095756880735,0.0,143.26699630479104,763.288624745158
Donderdag,2262.84037490441,572.1588826790722,4214.523956570227,0.4450934552638287,0.0,143.08353160846292,776.0695666263064
Vrijdag,2113.623877507987,573.2139468051118,4214.682326357827,0.3505096166134185,0.0,143.68965057507987,792.2128214696485
Zaterdag,1530.332761536495,564.8577846094848,4179.072939281606,0.10021369679151221,0.0,123.96903850824492,779.3023434424134
Zondag,1364.447413621954,560.948664382465,4184.220404431779,0.23534647282974158,0.0,111.03215014890006,764.8617187229819
