Weekdag,Aardgas,Ander,Nucleair,Olie,Steenkool,Water,Wind
Maandag,2042.403225520915,539.4839114836284,4404.163431106063,0.5197255209149303,0.0,150.46574408585306,831.4169616167947
Dinsdag,2229.023591681679,541.8431738926096,4415.66591810598,0.5447484922064698,0.0,146.7600853405397,798.227673481377
Woensdag,2253.489344179151,539.1987843320849,4413.538985408864,0.555029377340824,0.0,142.4627391541823,828.1960276217228
Donderdag,2191.0513091286307,536.9507303296016,4414.2430669772175,0.4211663665544508,0.0,142.43972015188288,849.8888898457684
Vrijdag,2018.722011240371,537.9227435544726,4414.551171513913,0.2976588193680239,0.0,143.22257510611539,886.8061039144789
Zaterdag,1453.1814350919958,532.7353553624783,4382.3376828117625,0.0995174948891335,0.0,126.21613390470199,852.5521796666142
Zondag,1290.0114932018232,530.1910152467777,4385.435216284188,0.20657281515246778,0.0,109.72977463847847,829.1196971471235
