Weekdag,Aardgas,Ander,Nucleair,Olie,Steenkool,Water,Wind
Maandag,2295.9474196974047,613.4254956332774,4350.4599894624625,0.6291244823485999,0.0,149.2229286153594,697.5282358850301
Dinsdag,2455.844368120972,618.9010960171872,4364.199223723352,0.6842630143777887,0.0,145.83530842009586,675.4061993472153
Woensdag,2481.553295398622,618.0997811269684,4368.7264432004595,0.7418140583989501,0.0,142.13111454232285,686.656046136811
Donderdag,2425.059682679685,612.4289133574007,4364.02018739744,0.5018091565474238,0.0,140.02444018706925,704.2752790859863
Vrijdag,2296.5155359789233,613.4222171085131,4365.647454635271,0.4154853861353532,0.0,140.7190447472419,709.2615927465833
Zaterdag,1670.3648467303574,602.6155235957832,4331.873443625433,0.09915088123867567,0.0,122.34907712897382,718.586719321364
Zondag,1495.2949850205762,597.4344661728395,4335.468541934157,0.21262189300411521,0.0,110.53436502057612,691.6382091358025
