Weekdag,Aardgas,Ander,Nucleair,Olie,Steenkool,Water,Wind
Maandag,2297.4521044061303,610.4588453256705,4358.929014750957,0.6000549425287356,0.0,151.66551570881225,722.2574977011495
Dinsdag,2468.8552473006325,616.2719424649082,4371.512348372667,0.653376716026531,0.0,148.03152980873054,687.1512267468764
Woensdag,2492.2668907781863,614.024930223652,4372.989381089154,0.7169402190563725,0.0,143.9772642846201,713.0205873927697
Donderdag,2431.8093930300465,609.6022300391916,4369.970979213094,0.49279078613693994,0.0,141.15123691692924,736.2277975870284
Vrijdag,2300.219538960037,610.969846011418,4372.683222265083,0.401980828575837,0.0,142.23578105230675,742.6326517126987
Zaterdag,1678.0591469748417,600.1331355533262,4343.9435447599935,0.09290708442660905,0.0,123.03687417039667,734.7464080490815
Zondag,1494.4381580672527,594.679336919636,4345.177108013266,0.24120719574271168,0.0,111.92494474008946,720.9908153246953
