Weekdag,Aardgas,Ander,Nucleair,Olie,Steenkool,Water,Wind
Maandag,1553.53621216299,430.11432689950976,3739.24771875,0.278960631127451,0.0,153.91277588848038,1053.5696842830882
Dinsdag,1768.6366680453432,432.25615379901956,3756.718574908088,0.14510033700980393,0.0,155.22955897671568,978.2603233762254
Woensdag,1761.320782935049,424.0679273897059,3732.994416207108,0.1326870404411765,0.0,146.33811289828432,1032.828691942402
Donderdag,1766.11744408701,433.3955626531863,3747.7200554534315,0.17851317401960784,0.0,151.10666988357843,1006.0975896139706
Vrijdag,1550.961675704657,436.12057015931373,3746.553992034314,0.12842555147058823,0.0,150.98384528186276,1048.9345366115197
Zaterdag,1099.5396978307363,439.47120837152454,3718.4778887870457,0.11121231098212922,0.0,128.72679666972198,979.1509055912007
Zondag,929.6696643688725,436.5559185049019,3712.202903952206,0.33439384191176474,0.0,112.96374387254902,1035.2310629595588
