Weekdag,Aardgas,Ander,Nucleair,Olie,Steenkool,Water,Wind
Maandag,2155.281781786604,576.603612760519,4224.915766319308,0.5624843360859877,0.0,150.47858369379998,766.0194428496526
Dinsdag,2323.826391393173,581.3326725649137,4239.010120502175,0.5741893370238565,0.0,148.1709431264004,731.4592617305918
Woensdag,2342.093781217243,579.6383812565513,4239.967318003144,0.6208914766771488,0.0,143.39199135220127,753.4555844470649
Donderdag,2303.8470171690697,576.5164899737877,4237.739130897772,0.43897228047182174,0.0,142.86678577981652,758.1692376802097
Vrijdag,2160.7151155429665,578.0127347584072,4239.2063221896515,0.3600452224893778,0.0,142.90798689107737,768.6598240176542
Zaterdag,1556.4464707569564,569.311778715548,4206.489094784386,0.10338543452459449,0.0,124.14026058288276,772.067503494659
Zondag,1383.1926588243048,564.729932845657,4207.523482173455,0.24217856201397128,0.0,111.35096718070383,761.7165068867799
