Weekdag,Aardgas,Ander,Nucleair,Olie,Steenkool,Water,Wind
Maandag,2132.18095531262,572.9998589055108,4206.018092699143,0.5486757447896689,0.0,150.61784826109192,767.5634161871884
Dinsdag,2303.956080826584,577.5235573017097,4219.621006106183,0.5659370741740584,0.0,147.69721783005528,737.5663029631058
Woensdag,2320.2705758243865,574.7311210697852,4219.037401744632,0.6061092791411042,0.0,143.21789807004092,760.1837372827198
Donderdag,2268.457020295321,572.6566181603171,4218.396840961391,0.4450585208386602,0.0,142.83150383533624,772.7373709089748
Vrijdag,2118.7514703563643,573.8310321112679,4219.005217696449,0.35158796949109083,0.0,143.54391222279193,789.2395016985001
Zaterdag,1533.7915011219386,565.3291092768303,4184.331047538146,0.10052208616489294,0.0,123.83437072060521,776.2287722143865
Zondag,1366.9687904593638,561.3905471570831,4188.376003244459,0.23609492451011888,0.0,110.81394163186637,764.5284030195953
