Weekdag,Aardgas,Ander,Nucleair,Olie,Steenkool,Water,Wind
Maandag,2289.673067971809,612.7118985904464,4368.369751292091,0.61273602192639,0.0,150.43828606108065,714.6436127642913
Dinsdag,2449.4621422148603,617.8879435242152,4381.597681377189,0.6555666903297049,0.0,147.1574755087553,694.5047842719671
Woensdag,2471.533955905388,616.2640968828321,4383.059394149436,0.7331118029448621,0.0,143.7254645989975,718.081052239975
Donderdag,2421.5370282043245,610.951145252272,4378.537148856158,0.5024041444688185,0.0,141.19281890473206,736.1681490128487
Vrijdag,2295.998331080019,612.1901609023738,4380.953103835875,0.40144360163496307,0.0,142.23696981606665,734.6835297123095
Zaterdag,1674.1918886617393,601.2211622110395,4351.664011951565,0.09466032395030666,0.0,122.78158216700739,731.6222876631546
Zondag,1491.1505519016189,596.4490210985384,4352.929193540783,0.245756129184347,0.0,111.74827683482634,715.6472752632405
