Weekdag,Aardgas,Ander,Nucleair,Olie,Steenkool,Water,Wind
Maandag,2112.832754122089,570.4098386721208,4186.798343643801,0.5419890497168031,0.0,151.14250217117683,767.514540780365
Dinsdag,2282.0148118116217,574.7064890808963,4200.972882928219,0.5586536903405495,0.0,147.99934947461705,744.4941959108749
Woensdag,2297.2835925226586,571.9824221739678,4200.331095166163,0.597401907099698,0.0,143.78266408610273,763.667587707704
Donderdag,2247.1809854885423,570.1096053261144,4199.807382649206,0.4412951712415009,0.0,143.54702455300932,776.3652702090153
Vrijdag,2097.3665309304383,571.0324800214619,4200.376639597273,0.3462615515717712,0.0,144.07614827673274,799.4574895846484
Zaterdag,1518.4229907500946,562.882583217578,4163.008192322263,0.09899883192322263,0.0,124.34746347392348,780.0076998674075
Zondag,1352.2469001325258,558.5942609491354,4164.76592206235,0.23190821027388617,0.0,110.99893708191341,767.3843163574404
