Weekdag,Aardgas,Ander,Nucleair,Olie,Steenkool,Water,Wind
Maandag,2296.013037269487,612.2792479079499,4363.898892646831,0.6067501162250116,0.0,150.94629726483808,714.7082398496824
Dinsdag,2464.2502358056463,617.8670170020278,4376.702941740758,0.6482052721884262,0.0,147.72829527374824,687.6796973561068
Woensdag,2477.9948684016313,615.9894755874927,4379.554271120605,0.7271603418139444,0.0,143.8343059234803,714.7245296174015
Donderdag,2424.6679711508555,610.7108710730948,4375.311507231727,0.49865369362363915,0.0,141.46225874805597,737.4470629860032
Vrijdag,2293.8750329614604,612.171623342175,4377.696882157903,0.4042574894679357,0.0,142.42373841472929,740.1464146512717
Zaterdag,1675.6809685500236,601.5369606680193,4348.639554588731,0.09395114718276885,0.0,122.73444708912128,735.7793299516155
Zondag,1492.8676483777883,596.2029799953206,4349.903630634846,0.2439161207299953,0.0,112.02944357354546,714.9535244111682
