Weekdag,Aardgas,Ander,Nucleair,Olie,Steenkool,Water,Wind
Maandag,2262.0077781080286,602.0478262879789,4306.403964259504,0.6043611111111111,0.0,151.4112020769118,730.6801148172611
Dinsdag,2430.4086631959826,607.3928101462118,4319.686000184611,0.6358109584994831,0.0,149.10142128193766,696.591793715847
Woensdag,2448.282110035211,605.4868973004694,4321.885540492958,0.6898843529929578,0.0,145.00218287852113,719.0864927743544
Donderdag,2380.8201056281187,600.2151529204579,4317.365181464632,0.47898572791312005,0.0,143.21916543146463,752.2321241194599
Vrijdag,2256.9667428602975,601.6364648903283,4317.09331377889,0.39281068747239806,0.0,143.86282091859266,752.2297058736935
Zaterdag,1638.0235961198646,592.4215962303048,4284.149409549404,0.08886128699749668,0.0,124.54536912825799,734.0145355985863
Zondag,1466.2746791526736,587.8502739417647,4291.488318005683,0.2697852529800347,0.0,112.17317311879545,714.992971325239
