Weekdag,Aardgas,Ander,Nucleair,Olie,Steenkool,Water,Wind
Maandag,2194.1377875289472,586.2848634041683,4234.9766565862965,0.5763839054624711,0.0,150.545759467375,730.7343881964309
Dinsdag,2354.2824601315247,590.4062924715714,4249.87389810248,0.595949924647212,0.0,147.67524458829976,706.0153377174955
Woensdag,2370.020101443355,588.8754226919934,4252.1156283020155,0.645240162037037,0.0,143.30473549836603,734.2350804398149
Donderdag,2322.8503092481615,585.1480145736857,4249.759287081177,0.44733400299645876,0.0,141.61918176246255,746.8917846295288
Vrijdag,2188.232596377705,586.853860278006,4250.544053992057,0.3694617228156669,0.0,142.43652667077512,749.5286418447
Zaterdag,1577.604534304318,577.8285511651816,4215.760531768335,0.10746699794379713,0.0,125.0063424948595,748.8491717614804
Zondag,1412.2094915399368,573.2821689615016,4216.927558398411,0.25173431291957804,0.0,110.92119307439376,726.4107433895053
