Weekdag,Aardgas,Ander,Nucleair,Olie,Steenkool,Water,Wind
Maandag,2223.712234614843,594.7981134699338,4271.123060061963,0.5820496056893395,0.0,150.88383974088157,731.7471248415716
Dinsdag,2395.484937278651,599.709811694291,4285.866891202721,0.6119313996316759,0.0,148.3355563819238,692.7299108584785
Woensdag,2414.859905933277,597.4295859023086,4288.106868841498,0.6643689822635135,0.0,143.76383657094595,717.6295227336711
Donderdag,2356.6799053619966,593.822630872957,4289.915973454764,0.46198771576829395,0.0,142.25507324649652,744.5226937060962
Vrijdag,2229.4207067450757,595.3386126186765,4290.530744721553,0.38013975485333706,0.0,143.12553680742525,740.0679096287374
Zaterdag,1608.3734619418851,586.1524572997874,4254.34073107725,0.10485999291282777,0.0,124.80240740609497,739.5669328490432
Zondag,1437.213750460405,581.1285348845446,4254.665556736081,0.2591438943193087,0.0,111.19165405864854,722.333665143788
