Weekdag,Aardgas,Ander,Nucleair,Olie,Steenkool,Water,Wind
Maandag,1867.648155613805,510.3347058103975,4257.994495587593,0.6884157273918742,0.0,162.76787793796416,915.4585986893841
Dinsdag,2076.162731004902,512.4140707282913,4269.886999037115,1.0058623949579832,0.0,161.55403081232492,850.7455273984593
Woensdag,2072.178149859944,511.707037377451,4266.172718837535,0.880968137254902,0.0,154.7976567752101,927.9989493172269
Donderdag,2000.765393719384,508.5820640307908,4264.740425522609,0.5682493876836949,0.0,154.82335861103823,908.7925229598529
Vrijdag,1781.8734572048613,509.0080817708333,4274.802700260417,0.40269123263888884,0.0,157.69768967013889,964.8468455729167
Zaterdag,1234.7103288194444,502.4824933159722,4241.134328298611,0.11575755208333334,0.0,136.82690217013888,936.5314902777777
Zondag,1075.4294006076389,502.1666170138889,4244.461652604166,0.42538255208333337,0.0,120.32845182291666,919.087531857639
