Weekdag,Aardgas,Ander,Nucleair,Olie,Steenkool,Water,Wind
Maandag,2271.6515278745646,603.6872567647713,4321.2538457632145,0.6056107569130402,0.0,151.66161635406627,726.066504633405
Dinsdag,2443.202393603523,609.072763248246,4333.815140580684,0.6424814897745933,0.0,148.9429486117331,691.6722038363936
Woensdag,2456.600299266014,607.2674819098457,4335.273846938019,0.6972496663701068,0.0,145.110087448102,718.1603159845789
Donderdag,2391.296661376446,602.4682149213883,4330.743066782854,0.48354108573123705,0.0,143.05111624888758,749.7339123034708
Vrijdag,2267.3264688290433,603.7156298541884,4331.234507439369,0.3908133462282399,0.0,143.71242523434012,749.0672271983335
Zaterdag,1647.7501702262243,593.9261009450811,4301.61842852359,0.08981351391576127,0.0,124.1318834648013,733.9855079997023
Zondag,1471.4825507957755,588.9599383831624,4303.17888349695,0.2718418488769894,0.0,111.98989911497844,713.2394181540978
