Weekdag,Aardgas,Ander,Nucleair,Olie,Steenkool,Water,Wind
Maandag,2289.4966432477413,612.8371016008876,4362.626987597083,0.6201172135045173,0.0,150.14498724045015,709.8038927722301
Dinsdag,2440.3783417105474,617.8901770783469,4376.42009310675,0.6630983325355034,0.0,146.81204802936014,694.724070248923
Woensdag,2464.034460987009,617.0222656051965,4380.709393813371,0.7240302994296578,0.0,143.02907707541192,712.4551259505703
Donderdag,2411.783462163233,611.4712246434232,4376.211561846276,0.5081368066561014,0.0,141.0195797147385,728.2077850633915
Vrijdag,2286.3400826045477,612.784799570679,4378.684941206869,0.4051355143902051,0.0,142.12532998091908,727.3368209969788
Zaterdag,1665.9977418724322,601.2891977741434,4347.2822240217,0.09604611272886833,0.0,122.98648490167139,733.6492450037896
Zondag,1490.3859905457157,596.8822679112814,4348.219285184298,0.24952070368597415,0.0,111.59411022020105,707.0379792165311
