Weekdag,Aardgas,Ander,Nucleair,Olie,Steenkool,Water,Wind
Maandag,2147.0846461508404,575.5639515110068,4223.139725739221,0.5589674351960402,0.0,150.37606350136772,768.9966545199948
Dinsdag,2314.765290504257,580.1825038310412,4237.117741552063,0.570579502292076,0.0,147.79350471512768,738.6357981008514
Woensdag,2335.602377408854,578.364568359375,4236.4032640625,0.6170109049479167,0.0,143.27947906901042,755.5269072916667
Donderdag,2295.481705098984,575.4647757879656,4235.797660035166,0.43622798905965093,0.0,142.36366192367805,761.2539559129981
Vrijdag,2147.2113316573073,576.7081474794305,4236.5282261656,0.35690652344260154,0.0,142.77078823298942,776.1445158025336
Zaterdag,1550.2851392699297,568.3535164511377,4204.599063021771,0.10266449500736619,0.0,123.74654238009495,774.6953883778033
Zondag,1378.3731317288803,563.8046422396857,4205.83084967256,0.2406560248853962,0.0,111.11506123117223,764.4659991159136
