Weekdag,Aardgas,Ander,Nucleair,Olie,Steenkool,Water,Wind
Maandag,2220.565908588614,593.2204128899147,4261.42421240733,0.5783799482445097,0.0,150.37142838159184,728.3586069030634
Dinsdag,2393.3685155832277,598.4610434782609,4275.996092479246,0.6109604615168144,0.0,147.7513761080625,688.4157589700295
Woensdag,2411.7915084941274,596.2161969029642,4278.305114583333,0.6603326342281879,0.0,143.2439719309284,715.1198731473713
Donderdag,2352.639239901823,592.7935028751752,4279.737373948106,0.459090427769986,0.0,141.58544088359048,740.0422196002805
Vrijdag,2227.5829251935256,594.1857038353273,4280.685580928923,0.37900992258972555,0.0,142.72036650246307,735.508795320197
Zaterdag,1605.8677700619455,584.9801827044911,4244.716662184992,0.10439127833309869,0.0,124.34722736871744,734.8234496691539
Zondag,1433.944728577459,579.9390578303081,4244.9864258477555,0.25763342479245815,0.0,110.73792275221612,718.2253940481215
