Weekdag,Aardgas,Ander,Nucleair,Olie,Steenkool,Water,Wind
Maandag,2054.8955198812723,538.3396241599462,4423.436855062724,0.7065169690860215,0.0,152.37656479614697,825.3581045586917
Dinsdag,2243.439205645161,538.3866249439964,4440.772610271058,0.73990333781362,0.0,148.35312169578853,791.0144539650538
Woensdag,2246.1082980510755,536.9236770273297,4446.670926131273,0.6947628248207885,0.0,143.96743335573478,844.2189954637097
Donderdag,2199.7465579355708,533.5187218036658,4443.330124191825,0.5262166188789565,0.0,143.03386636307417,846.0904298082869
Vrijdag,2004.957308432785,532.2078481197929,4436.55712958793,0.35053355100202654,0.0,143.41015598964196,869.7446522179689
Zaterdag,1442.4982203762108,527.4595698918675,4399.126248423068,0.14255615003379138,0.0,130.98191450777202,834.8646937373283
Zondag,1291.1875047838812,527.7469008892391,4402.198292717245,0.2958613800090049,0.0,111.58559111886538,801.3341160513281
