Weekdag,Aardgas,Ander,Nucleair,Olie,Steenkool,Water,Wind
Maandag,2185.5709101366897,583.8089112193801,4233.223284882934,0.5735115712545675,0.0,150.40457812288537,734.9892355190148
Dinsdag,2345.9551537702464,588.2988574588267,4248.032746971553,0.592056417585409,0.0,147.88054617530966,710.966699673336
Woensdag,2360.079473045184,586.8342245670997,4250.264007677219,0.6410502908549783,0.0,143.16346462391775,738.4655549580627
Donderdag,2314.3195391407307,583.084071820027,4247.940214783491,0.4466252368064953,0.0,142.00412266576456,748.4320092692827
Vrijdag,2176.598436117519,584.1560404057539,4247.997831727507,0.37085537386348216,0.0,142.83580445107884,754.4424889062287
Zaterdag,1571.0540271502448,575.6726027150245,4213.988679742787,0.10669185492651062,0.0,124.67428718698966,753.5885120100709
Zondag,1406.687949741391,571.1943653191779,4215.306680277664,0.2500896624472574,0.0,111.06029175173539,729.9463761058936
