Weekdag,Aardgas,Ander,Nucleair,Olie,Steenkool,Water,Wind
Maandag,2223.712234614843,594.7981134699338,4271.123060061963,0.5820496056893395,0.0,150.88383974088157,731.7471248415716
Dinsdag,2395.484937278651,599.709811694291,4285.866891202721,0.6119313996316759,0.0,148.3355563819238,692.7299108584785
Woensdag,2414.859905933277,597.4295859023086,4288.106868841498,0.6643689822635135,0.0,143.76383657094595,717.6295227336711
Donderdag,2354.3481397493665,593.4224685651928,4285.902544001689,0.46090041537595045,0.0,141.94898486341876,742.7904745846241
Vrijdag,2227.112787353481,594.931532057619,4285.623717695241,0.3790919714729558,0.0,142.93962219319306,737.9630410958904
Zaterdag,1608.1458115880437,586.0903320583652,4253.540709732257,0.10484080606318175,0.0,124.74163486329509,739.1519887377816
Zondag,1437.213750460405,581.1285348845446,4254.665556736081,0.2591438943193087,0.0,111.19165405864854,722.333665143788
