Weekdag,Aardgas,Ander,Nucleair,Olie,Steenkool,Water,Wind
Maandag,2298.202251698317,612.2998163501621,4362.35642276517,0.6045018527095878,0.0,151.0125267870928,715.6213042303535
Dinsdag,2464.327884844706,617.8754785472117,4376.418550173415,0.6477758466154866,0.0,147.63227177428783,687.5688866762792
Woensdag,2482.945240783767,615.610113925031,4378.186340342318,0.72493583488228,0.0,143.8888760842627,712.9203486679057
Donderdag,2430.8099498760457,610.5875006197707,4373.677914510381,0.4967993879764487,0.0,141.3002072745584,735.6362044468547
Vrijdag,2295.335645538629,612.1103611845173,4376.091348787502,0.404980219182341,0.0,142.06453913415203,740.7496076480646
Zaterdag,1674.1824819623698,601.5933626574405,4347.159950824133,0.09360052868916188,0.0,122.88003222671435,738.3706095863785
Zondag,1491.8711932400931,596.3094462703963,4348.42954988345,0.24300641025641023,0.0,111.89059285159284,718.4235601787102
