Weekdag,Aardgas,Ander,Nucleair,Olie,Steenkool,Water,Wind
Maandag,2101.2789893298386,568.9715535068015,4180.616628728317,0.5393539248720829,0.0,151.31713069387246,763.245139772869
Dinsdag,2268.210955954323,573.3645621784415,4195.30244265278,0.5537464550131761,0.0,148.06865679508093,739.984219946041
Woensdag,2288.451176801802,571.2153171921923,4195.723929366867,0.5941824011511512,0.0,144.02763325825825,759.5279179179179
Donderdag,2237.3156519086356,569.1961079474343,4195.442370807259,0.43864408635794744,0.0,143.867528942428,771.8054178660826
Vrijdag,2088.6268325385868,570.0620081879783,4196.729206424897,0.3441759003639101,0.0,144.307162630192,795.0790957146443
Zaterdag,1512.07589742061,561.9671174218653,4159.694994508598,0.09840237856156647,0.0,124.4418072360989,777.1190542864315
Zondag,1347.218847791996,557.6162511918203,4161.3297472086315,0.23051169865763393,0.0,111.44492607577469,764.4678260255928
