Weekdag,Aardgas,Ander,Nucleair,Olie,Steenkool,Water,Wind
Maandag,2291.764832427126,607.5471186754266,4345.049188113578,0.6169070759703972,0.0,151.75958571212806,729.1598703745658
Dinsdag,2461.067153404773,613.2531939124488,4357.2150590515275,0.653578887368901,0.0,148.80882656938743,694.5736749126007
Woensdag,2478.6920809178746,611.3580177762682,4358.639387001812,0.7084891304347827,0.0,144.75796014492752,721.7247779664855
Donderdag,2409.8313328677136,606.3298870431894,4354.0605562141345,0.49095231803080636,0.0,142.2945844155844,753.8326594306856
Vrijdag,2283.1671340323683,608.012286224451,4359.036943355368,0.3961324747359623,0.0,143.55107423448067,751.7683119443811
Zaterdag,1666.210684334601,597.6700041825095,4330.31247026616,0.09178053231939164,0.0,123.45651437262359,739.0962788593156
Zondag,1486.6514961620308,592.3527218042256,4331.484547689618,0.2545725034199726,0.0,112.38789789481685,721.6988298753611
