Weekdag,Aardgas,Ander,Nucleair,Olie,Steenkool,Water,Wind
Maandag,2299.3095678021086,614.0845683698296,4356.580492295215,0.6222107461476075,0.0,149.388101216545,696.7767642335767
Dinsdag,2448.6800610403398,619.047756696064,4370.681157439164,0.6786930017965049,0.0,146.13575187816429,681.6454089906908
Woensdag,2474.61101892834,618.2516983625162,4375.2425033641375,0.7405747811284047,0.0,142.39345269941634,693.74778125
Donderdag,2418.6817571764514,611.8280020677911,4370.62202371878,0.5016781949399935,0.0,140.27243747972753,712.529744161531
Vrijdag,2290.29745339156,612.9209082115746,4370.5208018120975,0.4119243735205289,0.0,140.7973390335483,711.3193653987429
Zaterdag,1663.2673840905377,602.6136901863049,4336.656032317373,0.09837310017976794,0.0,122.56933996568067,719.0163431933322
Zondag,1488.8915155969296,597.848044504328,4340.212599787686,0.2109603544014372,0.0,110.50878123468887,696.9032898497469
