Weekdag,Aardgas,Ander,Nucleair,Olie,Steenkool,Water,Wind
Maandag,2177.4870703659026,581.3492293928427,4230.577513872136,0.5680029821739713,0.0,150.27078870124646,742.0815871867042
Dinsdag,2344.247454003235,585.9565530394932,4244.99325714382,0.5871916026418654,0.0,147.99980590376063,713.2705489284269
Woensdag,2364.760275407084,585.0749677018633,4246.641629746517,0.6363798892059762,0.0,143.3914918918919,736.7604839348664
Donderdag,2318.975216321592,581.5723562785695,4244.626923568164,0.44877221699381553,0.0,142.27135426189838,748.1100712221028
Vrijdag,2178.264514527437,582.6521533301874,4245.45556539032,0.3684553390858838,0.0,142.71529546986653,754.1355824794391
Zaterdag,1569.0597000337154,573.5787308496292,4211.734690492245,0.10572781523937964,0.0,124.19459807821983,758.6339469656102
Zondag,1400.2293470481197,569.012658410837,4212.908111672732,0.24766258929774904,0.0,110.94962134384689,738.5124359751989
