Weekdag,Aardgas,Ander,Nucleair,Olie,Steenkool,Water,Wind
Maandag,1580.176791521991,439.42747468171297,3787.3303577835645,0.2836642071759259,0.0,153.27273784722223,1077.7335496238427
Dinsdag,1778.291597511574,439.10381640624996,3807.5488819444445,0.13703920717592594,0.0,158.33235923032407,999.2781381655093
Woensdag,1777.7282565104167,432.1707200520833,3793.313179398148,0.12531553819444444,0.0,148.54644950810186,1072.7259344618055
Donderdag,1797.7029246238426,441.44951519097225,3809.539208188657,0.1879464699074074,0.0,153.36215046296294,1026.6696945891204
Vrijdag,1613.232361019619,449.1409286737325,3807.930515038671,0.12005756838035228,0.0,151.340299341163,1038.2889422801488
Zaterdag,1136.5117552796803,453.3610776255708,3759.4043563070773,0.10391495433789955,0.0,127.52913299086758,984.0500107020547
Zondag,957.2686851290927,444.7369932208279,3759.574223424203,0.31485980095196886,0.0,113.5576179143228,1039.59388316746
