Weekdag,Aardgas,Ander,Nucleair,Olie,Steenkool,Water,Wind
Maandag,2189.430845587237,584.99053934148,4234.078685200271,0.5753804480651731,0.0,150.34989789545145,734.2833086558044
Dinsdag,2348.754835006145,589.139684521371,4248.946706643452,0.5939967909326779,0.0,147.90542482589103,710.7807316332104
Woensdag,2364.5468635654183,587.6224841883821,4251.192324952497,0.6431384025515744,0.0,143.29024531758958,738.6246123099892
Donderdag,2320.0418890171054,583.8984355145262,4248.864951092859,0.4473588786315504,0.0,141.75127996877546,744.7840146619603
Vrijdag,2182.585216269571,585.0040218515998,4248.909489346494,0.37206715452688904,0.0,142.62096963921036,749.6167291354664
Zaterdag,1574.309836598853,576.7647669989077,4214.788845678591,0.1070414732386674,0.0,124.96745108547242,749.0387193814855
Zondag,1410.0067755701216,572.4036222176704,4216.118088385908,0.2509092926396286,0.0,111.00265185033456,724.8273162296873
