Weekdag,Aardgas,Ander,Nucleair,Olie,Steenkool,Water,Wind
Maandag,2294.707577570705,613.546609898643,4352.052392103973,0.6270932238025176,0.0,149.2898696256335,696.3443616151708
Dinsdag,2454.466724135084,618.8649949632565,4364.563791553133,0.6837545206836759,0.0,145.7351933779209,676.0267477499793
Woensdag,2481.553295398622,618.0997811269684,4368.7264432004595,0.7418140583989501,0.0,142.13111454232285,686.656046136811
Donderdag,2425.059682679685,612.4289133574007,4364.02018739744,0.5018091565474238,0.0,140.02444018706925,704.2752790859863
Vrijdag,2296.5155359789233,613.4222171085131,4365.647454635271,0.4154853861353532,0.0,140.7190447472419,709.2615927465833
Zaterdag,1670.3648467303574,602.6155235957832,4331.873443625433,0.09915088123867567,0.0,122.34907712897382,718.586719321364
Zondag,1495.2949850205762,597.4344661728395,4335.468541934157,0.21262189300411521,0.0,110.53436502057612,691.6382091358025
