Weekdag,Aardgas,Ander,Nucleair,Olie,Steenkool,Water,Wind
Maandag,2261.6051840477244,602.694130100162,4311.875008948299,0.6064976064221534,0.0,151.39046509058772,729.4851056488437
Dinsdag,2431.0612457759003,608.0402732696012,4325.2620474655405,0.6379107010523196,0.0,149.01591896398398,694.9414303023566
Woensdag,2447.850584805654,606.1007603062426,4327.47267826119,0.6923221068904594,0.0,145.10458189782096,718.2448755889282
Donderdag,2381.542776251841,600.9586054123711,4322.971269661267,0.48012282768777614,0.0,143.28412625184095,751.5528297864507
Vrijdag,2259.3754446373173,602.358808797459,4323.154182597134,0.38804202984192643,0.0,143.84115116708526,752.3188229058945
Zaterdag,1644.701896831573,593.4920365758755,4295.5970956457295,0.08945073188808597,0.0,124.25063879933296,732.9282008523254
Zondag,1468.3320864458278,588.508134430117,4297.823562138728,0.2708748703127316,0.0,112.19195227508521,714.6484078108789
