Weekdag,Aardgas,Ander,Nucleair,Olie,Steenkool,Water,Wind
Maandag,2116.537204559808,571.0900239358342,4189.854551376784,0.5439058986990022,0.0,151.0257947454844,769.7363292282431
Dinsdag,2286.30394984127,575.4711152063493,4203.223940539683,0.5590380317460317,0.0,148.06086028571428,746.1717306984127
Woensdag,2302.7527572601007,572.587295138889,4202.742235921717,0.5992122159090909,0.0,143.90763446969697,764.8069362373736
Donderdag,2252.436866790856,570.6015344784037,4202.074861107603,0.44263276711290733,0.0,143.4681767807527,776.7480612212679
Vrijdag,2101.5290792072938,571.4992159364315,4202.648187096365,0.3473138850196277,0.0,144.18918595669243,796.569877326833
Zaterdag,1522.89587867437,563.817939591137,4169.97426169767,0.09954564789537172,0.0,124.17353174401626,783.5174106088502
Zondag,1356.5988063174602,559.5594766984127,4172.435402349206,0.23332174603174605,0.0,111.34882142857143,766.7335375555555
