Weekdag,Aardgas,Ander,Nucleair,Olie,Steenkool,Water,Wind
Maandag,2301.152911987486,614.2569768648115,4348.6135991684505,0.6316366293429936,0.0,149.18850069981886,693.0469470195949
Dinsdag,2462.5223101460097,619.9268422515347,4362.146395843703,0.6869878048780487,0.0,145.62224294839888,669.1819133067861
Woensdag,2485.7448348155467,619.0055038290513,4366.672268651186,0.7447461297760211,0.0,142.0254761198946,681.37376506917
Donderdag,2425.4251562602967,613.3003801894564,4361.914860914333,0.5003715815485997,0.0,139.70427409390444,699.541066350906
Vrijdag,2298.989175152918,614.1381825095057,4363.838237146636,0.41713386510166967,0.0,140.71657724417258,707.336568275748
Zaterdag,1665.547544774268,602.2531969985116,4333.3792215148005,0.09954440218290062,0.0,122.19318951546221,721.1223067223417
Zondag,1494.884145843662,597.2558262683854,4336.728263220955,0.2134652123615931,0.0,110.55641517930921,694.2181805073541
