Weekdag,Aardgas,Ander,Nucleair,Olie,Steenkool,Water,Wind
Maandag,1259.3673661375663,372.7785050211416,3563.490747619048,0.18364340470526036,0.0,142.05452804232806,1058.606605172869
Dinsdag,1465.7253590150913,371.96605239481346,3583.1862107350607,0.07656355932203389,0.0,138.6119420941301,1035.1196842384106
Woensdag,1513.3595184895833,365.72895078125003,3545.2863848958336,0.03790833333333333,0.0,128.61821536458334,1034.9933796875
Donderdag,1585.11033359375,383.9070861979166,3572.0908463541664,0.13235104166666667,0.0,135.56814661458333,885.0510708333334
Vrijdag,1247.8360809895833,384.40790104166666,3578.15664140625,0.11060078125,0.0,135.826946875,1001.9841364583333
Zaterdag,829.1282234375,381.58916354166666,3523.7483531250004,0.18803619791666665,0.0,118.6670203125,1083.4369374999999
Zondag,704.9245013020833,381.74120156249995,3519.91806328125,0.010225,0.0,102.12039947916666,1100.0968380208333
