Weekdag,Aardgas,Ander,Nucleair,Olie,Steenkool,Water,Wind
Maandag,2299.54612910368,609.601562414109,4355.610489998473,0.6164180790960452,0.0,151.67799244159414,725.4498907466789
Dinsdag,2468.582123213462,615.4655423005994,4368.10060600123,0.6509668433994161,0.0,147.74460842169972,690.4432029737205
Woensdag,2485.4396586920025,613.2342978479853,4369.576427197802,0.7160439560439561,0.0,144.09571211080586,718.5532420634921
Donderdag,2420.8360764122135,608.2425386259542,4365.028134083969,0.4895180534351145,0.0,141.8650140076336,744.8659906488549
Vrijdag,2290.2439384285494,609.3989393092356,4366.8060138612345,0.3990255398989125,0.0,143.1680521519375,747.7953172001838
Zaterdag,1672.220822200092,598.8182716408763,4337.338508771258,0.09222383943618814,0.0,123.33972069863643,738.7973958556763
Zondag,1493.8562850174753,593.9605022083957,4341.582117717096,0.24023447401774398,0.0,112.02927503168569,719.546471060414
