Weekdag,Aardgas,Ander,Nucleair,Olie,Steenkool,Water,Wind
Maandag,2224.957609474354,595.3201725307333,4276.859160166738,0.583782711600961,0.0,151.22004224954077,733.9448994277236
Dinsdag,2397.040840334044,600.4006186567165,4291.66358681592,0.6137767945984364,0.0,148.5575803837953,694.205892039801
Woensdag,2418.3033208333336,598.0878468926554,4293.613937676554,0.6663804025423729,0.0,144.10716221751412,718.5461566737289
Donderdag,2356.4447140681445,594.292987178579,4294.847329142169,0.4633032868173125,0.0,142.5680407664518,746.0539733300277
Vrijdag,2227.149219785298,595.7977815654771,4295.527759881985,0.3811946893217688,0.0,143.48679496658607,741.5095818640693
Zaterdag,1609.5129354288151,586.589935286588,4260.337112003982,0.10497557246479876,0.0,125.08698680841985,738.7907837789787
Zondag,1439.1736410092396,581.4925494314143,4260.3892740582805,0.259785749822317,0.0,111.3941840440654,723.0349906183369
