Weekdag,Aardgas,Ander,Nucleair,Olie,Steenkool,Water,Wind
Maandag,2297.4521044061303,610.4588453256705,4358.929014750957,0.6000549425287356,0.0,151.66551570881225,722.2574977011495
Dinsdag,2468.8552473006325,616.2719424649082,4371.512348372667,0.653376716026531,0.0,148.03152980873054,687.1512267468764
Woensdag,2490.376565628241,614.6834415933623,4374.5014519264005,0.7191158529558637,0.0,143.81601459685785,714.4167040679138
Donderdag,2432.7343320901264,609.7326158874192,4370.318479967702,0.4931318440479852,0.0,141.23374077207012,735.4988210550599
Vrijdag,2300.219538960037,610.969846011418,4372.683222265083,0.401980828575837,0.0,142.23578105230675,742.6326517126987
Zaterdag,1678.0591469748417,600.1331355533262,4343.9435447599935,0.09290708442660905,0.0,123.03687417039667,734.7464080490815
Zondag,1494.4381580672527,594.679336919636,4345.177108013266,0.24120719574271168,0.0,111.92494474008946,720.9908153246953
