Weekdag,Aardgas,Ander,Nucleair,Olie,Steenkool,Water,Wind
Maandag,2291.764832427126,607.5471186754266,4345.049188113578,0.6169070759703972,0.0,151.75958571212806,729.1598703745658
Dinsdag,2461.067153404773,613.2531939124488,4357.2150590515275,0.653578887368901,0.0,148.80882656938743,694.5736749126007
Woensdag,2478.6920809178746,611.3580177762682,4358.639387001812,0.7084891304347827,0.0,144.75796014492752,721.7247779664855
Donderdag,2412.5123073281575,606.9056109827684,4357.3771542510885,0.4924955500852111,0.0,142.2150303351638,750.6425190304866
Vrijdag,2283.137069598601,608.1150080963965,4359.6037297400035,0.39634327961076476,0.0,143.61420035730575,751.8091846206477
Zaterdag,1666.210684334601,597.6700041825095,4330.31247026616,0.09178053231939164,0.0,123.45651437262359,739.0962788593156
Zondag,1486.6514961620308,592.3527218042256,4331.484547689618,0.2545725034199726,0.0,112.38789789481685,721.6988298753611
