Weekdag,Aardgas,Ander,Nucleair,Olie,Steenkool,Water,Wind
Maandag,2296.8253160594127,613.4530984326276,4350.377898038733,0.6295633103561464,0.0,149.32701485311014,698.0002857377319
Dinsdag,2455.844368120972,618.9010960171872,4364.199223723352,0.6842630143777887,0.0,145.83530842009586,675.4061993472153
Woensdag,2481.553295398622,618.0997811269684,4368.7264432004595,0.7418140583989501,0.0,142.13111454232285,686.656046136811
Donderdag,2424.463598773562,613.133282862787,4362.313831426454,0.5000009054243147,0.0,139.60281364721376,700.0374681043706
Vrijdag,2298.989175152918,614.1381825095057,4363.838237146636,0.41713386510166967,0.0,140.71657724417258,707.336568275748
Zaterdag,1665.547544774268,602.2531969985116,4333.3792215148005,0.09954440218290062,0.0,122.19318951546221,721.1223067223417
Zondag,1494.884145843662,597.2558262683854,4336.728263220955,0.2134652123615931,0.0,110.55641517930921,694.2181805073541
