Weekdag,Aardgas,Ander,Nucleair,Olie,Steenkool,Water,Wind
Maandag,2225.9282669785907,595.7898105416135,4281.8256879342125,0.5837958670069474,0.0,151.4956092797391,736.2911215440238
Dinsdag,2396.705425509913,600.9543457424047,4296.713224967907,0.6153838254172016,0.0,148.87978045214663,695.9129920125516
Woensdag,2417.343607107426,598.5271871102608,4298.63491468254,0.668405505952381,0.0,144.42436405187075,720.8307363591271
Donderdag,2356.6071674936206,594.3692873901332,4295.7912111922315,0.4635535511766374,0.0,142.65899004111142,746.2689178125886
Vrijdag,2230.719953873026,596.191137204577,4297.268762592236,0.38226817096210747,0.0,143.7470230991338,742.7472983281646
Zaterdag,1611.7419612887113,587.1124980376767,4265.245103467961,0.08612202083630655,0.0,125.23243545739975,738.0508840802056
Zondag,1440.020546676651,581.9790313792612,4265.314491121096,0.2606750463557267,0.0,111.70518289117102,725.2513692768506
