Weekdag,Aardgas,Ander,Nucleair,Olie,Steenkool,Water,Wind
Maandag,2300.75854767609,613.5879757227281,4358.189713544162,0.6248713464302827,0.0,149.7355933956237,704.844870787414
Dinsdag,2451.495123934716,618.5247882296189,4372.059280712333,0.6682163129120438,0.0,146.56623082489148,685.8946434716192
Woensdag,2477.993707375479,617.6308173690933,4376.525675846105,0.7295784243295019,0.0,142.6608430316092,700.1829224537037
Donderdag,2422.6173952810605,611.5230417598211,4372.053437160652,0.5120318189076972,0.0,140.58763530022358,718.1493141967422
Vrijdag,2298.1937805239545,613.0161141643968,4374.494814653101,0.4082514420765903,0.0,141.8448043983336,718.1671204133952
Zaterdag,1674.5397690730765,602.2388620467883,4342.779955663638,0.09678350349706569,0.0,122.60840332824182,722.1197562103064
Zondag,1497.6353682666022,597.9240826097443,4343.686286702043,0.2514465750120598,0.0,110.92929088277859,698.289719609262
