Weekdag,Aardgas,Ander,Nucleair,Olie,Steenkool,Water,Wind
Maandag,2071.1613390388943,542.1955899373091,4437.206028696596,0.530841551135222,0.0,149.5137476492807,831.5896873393316
Dinsdag,2253.8333020442724,544.828580067731,4447.532799185779,0.5568156048387097,0.0,146.3508008221828,794.2684760675834
Woensdag,2280.2622803422923,542.7177630278436,4444.802261231214,0.5702484135271909,0.0,141.54113430258244,828.4221638152611
Donderdag,2215.472364162314,539.4659425024108,4443.101704627621,0.41428105284307815,0.0,141.47701012210797,846.892973243341
Vrijdag,2045.572945505731,540.7127889572527,4443.863951339178,0.3029601495898343,0.0,141.8916866554054,877.2105974020751
Zaterdag,1471.3040013717975,535.4662168650393,4415.379149889046,0.102131410127093,0.0,125.7020934032681,848.0472452693161
Zondag,1307.7330655069422,533.054854011947,4418.18868061834,0.2121756942202131,0.0,109.1081700839522,828.1564592347434
