Weekdag,Aardgas,Ander,Nucleair,Olie,Steenkool,Water,Wind
Maandag,2116.537204559808,571.0900239358342,4189.854551376784,0.5439058986990022,0.0,151.0257947454844,769.7363292282431
Dinsdag,2286.30394984127,575.4711152063493,4203.223940539683,0.5590380317460317,0.0,148.06086028571428,746.1717306984127
Woensdag,2305.9914160179737,573.3976823302322,4204.496520062021,0.6006911904309854,0.0,143.77059410796787,763.8517467248907
Donderdag,2255.4383246453003,571.2997413541931,4204.235466936914,0.4428881428933367,0.0,143.40777600076007,777.3618384849253
Vrijdag,2104.3550569668487,572.1525453130953,4204.825872539058,0.34837263431982723,0.0,144.10072084973962,798.79193534866
Zaterdag,1523.4453593253718,563.9321026235548,4170.365453246093,0.09960256003049169,0.0,124.23462209376191,783.7633087282428
Zondag,1356.5988063174602,559.5594766984127,4172.435402349206,0.23332174603174605,0.0,111.34882142857143,766.7335375555555
