Weekdag,Aardgas,Ander,Nucleair,Olie,Steenkool,Water,Wind
Maandag,2235.6804955745897,596.946706067095,4285.060928265524,0.5877961812990721,0.0,152.00748329764454,736.9115749464668
Dinsdag,2406.7130350423668,602.0654724974867,4300.1303296711185,0.6196260232658337,0.0,149.39803881229355,696.9974713485567
Woensdag,2422.2688833476027,599.8392949129566,4302.034878496004,0.6729836258561644,0.0,145.0131644905822,724.666877211758
Donderdag,2369.029238182143,595.6861545535874,4300.467028198246,0.46804891751655037,0.0,142.81374675254966,748.6175969225263
Vrijdag,2238.0174387659818,597.1748448498779,4300.869750071829,0.38513751616147107,0.0,143.95655189627928,745.5310403318489
Zaterdag,1618.3206528955309,587.8276757077166,4268.369614527949,0.0867160511567754,0.0,125.47644715476362,735.6194418379077
Zondag,1446.3850962228926,582.6681649432716,4268.411932105414,0.2624720307338791,0.0,111.68632737325865,719.7265560462445
