Weekdag,Aardgas,Ander,Nucleair,Olie,Steenkool,Water,Wind
Maandag,2303.7472634512847,614.5062175230247,4355.178044433673,0.6197979075779609,0.0,149.41754132331556,696.0970544918405
Dinsdag,2453.8535561656095,619.5298551732552,4369.17408435009,0.6760431511306327,0.0,146.1257168537498,680.9539166259965
Woensdag,2481.541577600129,618.6535512354651,4373.725890746125,0.7380618943798449,0.0,142.45400670219638,694.1706049741601
Donderdag,2425.9339593699515,612.1865483037157,4369.141994911147,0.5005281502423263,0.0,140.26326502423262,712.3951081179322
Vrijdag,2302.864234114119,613.7422412060301,4370.892916963851,0.4090197357756524,0.0,141.21535025936132,711.7507833927704
Zaterdag,1675.821698800065,602.6809451516134,4337.724590238366,0.09760742662558781,0.0,122.48558825198637,718.8275125263499
Zondag,1493.8869814272941,597.7897637161668,4340.160816223685,0.23405149150613672,0.0,110.68937681866211,696.5715091847517
