Weekdag,Aardgas,Ander,Nucleair,Olie,Steenkool,Water,Wind
Maandag,2215.32636288861,592.2567479088248,4256.638848145824,0.5767258120730517,0.0,150.135298341001,731.5609920186811
Dinsdag,2387.3040658042346,597.5545001402328,4271.165410811948,0.6095793717571169,0.0,147.55336281727668,693.1399211891741
Woensdag,2405.3475663322183,595.3376637054068,4273.489651999721,0.6595217391304348,0.0,143.10752327201786,720.0447625766443
Donderdag,2350.087549623641,591.1061133607471,4270.907692535545,0.4565557220518539,0.0,141.1668538472261,737.0263938179537
Vrijdag,2220.8669058786522,592.2960073395778,4271.025832482875,0.3767484272333287,0.0,142.1799645952747,733.5319295051028
Zaterdag,1599.9365437351419,583.2312644735002,4235.297204132289,0.10922161236190743,0.0,123.8684338204447,732.8641621801147
Zondag,1431.296854905396,578.9622581639803,4239.436667519271,0.25693913805185703,0.0,110.46871860546601,717.0846613875264
