Weekdag,Aardgas,Ander,Nucleair,Olie,Steenkool,Water,Wind
Maandag,2215.32636288861,592.2567479088248,4256.638848145824,0.5767258120730517,0.0,150.135298341001,731.5609920186811
Dinsdag,2387.3040658042346,597.5545001402328,4271.165410811948,0.6095793717571169,0.0,147.55336281727668,693.1399211891741
Woensdag,2405.3475663322183,595.3376637054068,4273.489651999721,0.6595217391304348,0.0,143.10752327201786,720.0447625766443
Donderdag,2350.087549623641,591.1061133607471,4270.907692535545,0.4565557220518539,0.0,141.1668538472261,737.0263938179537
Vrijdag,2220.8669058786522,592.2960073395778,4271.025832482875,0.3767484272333287,0.0,142.1799645952747,733.5319295051028
Zaterdag,1602.750929392792,583.8988262866358,4239.171224547749,0.10837484223811528,0.0,124.01999312859347,733.050517844622
Zondag,1431.8157469499367,579.0951893493199,4240.214667753471,0.2570490464170523,0.0,110.53068223250597,716.8829572991165
