Weekdag,Aardgas,Ander,Nucleair,Olie,Steenkool,Water,Wind
Maandag,2245.0884496550234,598.0524946816157,4285.234381737818,0.5918516961333908,0.0,151.80240545493746,733.1966362656317
Dinsdag,2415.3465483007953,603.1773014099783,4300.125213304411,0.6227984092552422,0.0,149.31353282718726,695.4270013015184
Woensdag,2432.8810045617815,600.6623712643678,4303.537277622127,0.6776245689655173,0.0,145.14693584770114,721.5532302442529
Donderdag,2375.0995728442217,596.5245606284458,4301.991159237505,0.4713209614067962,0.0,143.05350690065222,746.0788768332673
Vrijdag,2242.945777592941,598.0637045060032,4302.375944705627,0.3878116230290756,0.0,143.84845074497323,746.8444703095618
Zaterdag,1624.2840354145565,588.9198870279265,4269.704685139633,0.0873183330921719,0.0,125.12697239907394,731.9082625162783
Zondag,1453.2208746565436,584.0669868763558,4270.044104880694,0.26429396240057845,0.0,111.96863864786695,713.709322559653
