Weekdag,Aardgas,Ander,Nucleair,Olie,Steenkool,Water,Wind
Maandag,1422.077358369883,392.04568768274856,3495.2276933479534,0.2747328216374269,0.0,147.81705537280703,1036.325877741228
Dinsdag,1638.1777127192984,393.7459354897661,3517.680679641813,0.1620190058479532,0.0,147.75040168128655,954.894082236842
Woensdag,1634.6535566520467,387.88318804824564,3502.0667927631575,0.04273245614035088,0.0,139.2347364766082,970.7658135964912
Donderdag,1585.9566061769008,399.6009033260234,3519.7248839546787,0.13212554824561404,0.0,146.94596655701756,934.8665977704678
Vrijdag,1358.448218339038,403.60751089893716,3520.694329310034,0.12916627634660421,0.0,146.47031435777336,1029.9896333993875
Zaterdag,921.3755939295977,406.71671892959773,3461.8389613864942,0.1307663433908046,0.0,127.7751560704023,975.134100395115
Zondag,818.0914117968323,403.6834543965046,3466.9186564718734,0.19928090296741308,0.0,107.0083247769889,981.3594345530676
