Weekdag,Aardgas,Ander,Nucleair,Olie,Steenkool,Water,Wind
Maandag,2194.1377875289472,586.2848634041683,4234.9766565862965,0.5763839054624711,0.0,150.545759467375,730.7343881964309
Dinsdag,2354.2824601315247,590.4062924715714,4249.87389810248,0.595949924647212,0.0,147.67524458829976,706.0153377174955
Woensdag,2370.020101443355,588.8754226919934,4252.1156283020155,0.645240162037037,0.0,143.30473549836603,734.2350804398149
Donderdag,2322.8503092481615,585.1480145736857,4249.759287081177,0.44733400299645876,0.0,141.61918176246255,746.8917846295288
Vrijdag,2184.856849679006,586.2855042685425,4249.809837624642,0.3732868802076219,0.0,142.71798306242317,751.6270998497473
Zaterdag,1574.9225805779477,577.0036978412352,4214.954378467004,0.10711459898893293,0.0,125.02748449241699,748.9983483740948
Zondag,1411.7371033337897,573.1128027108433,4216.758644030668,0.2515619865826944,0.0,110.84843572015335,726.0022872056408
