Weekdag,Aardgas,Ander,Nucleair,Olie,Steenkool,Water,Wind
Maandag,2101.424222939628,564.5940188182005,4264.1844579857825,0.52349486863711,0.0,148.93466777435896,791.0629401635991
Dinsdag,2284.3060835832084,569.4005020677556,4283.108382463938,0.5213070241376431,0.0,147.43238316864569,753.8715152392947
Woensdag,2308.54914177257,566.6434358590271,4282.15135330134,0.572986566050253,0.0,143.0735576498061,775.6079762082711
Donderdag,2254.379623823542,565.6878501016471,4284.394005645261,0.43563505794701984,0.0,142.11591886527168,783.4262123614627
Vrijdag,2090.920229459043,566.2740341990981,4282.726891680207,0.32347114336045635,0.0,142.4879406105535,802.2187120113362
Zaterdag,1512.5628346799253,558.964135175319,4245.147081255161,0.10350980067133563,0.0,123.94481100070676,795.7600698757118
Zondag,1344.1535133300215,554.1658293400762,4246.452689177922,0.23321102637829727,0.0,110.276223978043,768.1327719589683
