Weekdag,Aardgas,Ander,Nucleair,Olie,Steenkool,Water,Wind
Maandag,2117.043990497781,547.9208532220722,4414.912498842369,0.6255931892726221,0.0,153.91793227860313,841.3154376326452
Dinsdag,2290.7156726894013,550.1251869308273,4427.065884082543,0.6610145320674288,0.0,151.64894904088356,811.1654011335012
Woensdag,2320.4342015335646,550.0479665316358,4427.9021407696755,0.6776531153549383,0.0,146.8672690007716,836.7655711805555
Donderdag,2267.7732467194137,545.65097182555,4421.58557984369,0.45924025472790425,0.0,145.96762461404862,852.4457081242764
Vrijdag,2079.2604762252045,545.5317205853753,4421.82357924932,0.3111320011668612,0.0,145.491249319331,892.1058624076235
Zaterdag,1500.795868013632,540.876582667965,4389.135521129503,0.1232340311587147,0.0,133.50973495618305,852.8036035540409
Zondag,1340.5469394879751,538.0467784512438,4392.753313048538,0.2548906613653995,0.0,112.66146477234155,822.536339378364
