Weekdag,Aardgas,Ander,Nucleair,Olie,Steenkool,Water,Wind
Maandag,2220.4212607017544,594.1350719649123,4266.287815508772,0.5803281754385965,0.0,150.6273601403509,730.066686
Dinsdag,2392.494813355923,599.1978590992517,4280.920105887336,0.6130306367358463,0.0,147.9741102993082,690.6858157207398
Woensdag,2413.198364127385,596.9745432800224,4283.178324319585,0.6621320496632996,0.0,143.5227808291246,715.3746571268238
Donderdag,2352.985444955094,592.9285219618299,4280.544562342127,0.4593481265787258,0.0,141.6649162924502,740.4525502385629
Vrijdag,2227.5829251935256,594.1857038353273,4280.685580928923,0.37900992258972555,0.0,142.72036650246307,735.508795320197
Zaterdag,1606.2532709465659,585.6330944095432,4248.646160372697,0.1046786546198913,0.0,124.44956864544365,736.7819840121409
Zondag,1435.042086721728,580.6187879429621,4249.865228116618,0.2585063885359311,0.0,110.93646925737681,720.090810920514
