Weekdag,Aardgas,Ander,Nucleair,Olie,Steenkool,Water,Wind
Maandag,2248.52896363439,598.9795449413808,4291.373895209147,0.5959635620205529,0.0,151.49743320306845,732.5262746779563
Dinsdag,2422.9829617308746,605.1454910717546,4309.420482855578,0.6288224940660946,0.0,148.8578273872558,695.1461764104437
Woensdag,2444.6014089721252,602.4368477787456,4312.108697190767,0.682673018292683,0.0,145.21393662891987,715.9742031068524
Donderdag,2379.7633880336916,597.672392571885,4307.644021129829,0.47453761254719723,0.0,142.89236770258495,746.8657760673831
Vrijdag,2250.837557756737,599.1776586671522,4307.4344692643845,0.38869187909686814,0.0,143.7472377640204,749.4438256737072
Zaterdag,1630.6225997377242,589.9648317791053,4274.733148440915,0.08792903977852251,0.0,124.876023349847,730.7460441497886
Zondag,1456.8904757536043,585.1070321464978,4275.703476008446,0.2661413644968691,0.0,112.23659232561526,711.3873529561672
