Weekdag,Aardgas,Ander,Nucleair,Olie,Steenkool,Water,Wind
Maandag,2299.1345346190938,612.0400118418515,4362.06691367406,0.6041054580520733,0.0,150.9273231243973,715.3337818707812
Dinsdag,2468.1233114996116,617.8828926961927,4375.09291045066,0.6457877233877234,0.0,147.77499335664336,686.4600360916861
Woensdag,2486.0594811728392,615.5563189429013,4376.577462075617,0.722250887345679,0.0,143.91489880401235,712.6416800925927
Donderdag,2433.795832046928,610.6442123726459,4372.093662434394,0.49495882216733555,0.0,141.5027098641556,737.0024639935165
Vrijdag,2301.96159125755,611.8428737416757,4374.492601595168,0.403474949667028,0.0,142.1930463450519,740.402412149605
Zaterdag,1679.9013281177383,600.8867755615802,4345.647181099923,0.09325251742835013,0.0,122.99241866769945,736.9595370642913
Zondag,1496.945246942251,595.3660817464004,4346.903899055582,0.24210346028797025,0.0,111.7658432806936,716.4757496903545
