Weekdag,Aardgas,Ander,Nucleair,Olie,Steenkool,Water,Wind
Maandag,2311.400102854845,614.4641825492562,4354.165640410132,0.6292431845597105,0.0,149.44111141938077,695.5247505428226
Dinsdag,2462.4898753038406,619.6383806109221,4367.689955882353,0.67341391184573,0.0,146.21350303840546,679.4167523497002
Woensdag,2489.5137425997427,618.7382581241957,4372.22975466538,0.7352122345559845,0.0,142.56429150579152,691.9538784990348
Donderdag,2433.043397046991,612.2687545059543,4367.662850860959,0.515987005149662,0.0,140.40424485033796,710.880135782105
Vrijdag,2309.67801840788,613.8480329404166,4370.02840424673,0.40743464395284995,0.0,141.32991284514773,710.2755116663976
Zaterdag,1679.1479856242931,602.7708999757713,4339.9940811258275,0.09722904215797126,0.0,122.46624418510741,719.0144487562591
Zondag,1500.841257748184,598.2909876109766,4341.344881073446,0.2524207021791767,0.0,110.60341719128328,697.8948124697337
