Weekdag,Aardgas,Ander,Nucleair,Olie,Steenkool,Water,Wind
Maandag,2183.3356710148055,565.8840601911744,4241.845744753486,0.519409299985626,0.0,148.15536617795027,792.0449047003018
Dinsdag,2357.6716563348664,568.9763468877865,4254.820130064815,0.6005235181228953,0.0,145.29951634862584,760.3013207082595
Woensdag,2387.576048527299,568.417736099138,4254.04132029454,0.67058279454023,0.0,140.46134619252874,779.1506715158046
Donderdag,2343.2743719459613,564.6131945961483,4251.100200812015,0.42557933314170737,0.0,140.54704674475423,788.9335452357
Vrijdag,2180.725713168517,566.2641601917255,4252.466590997549,0.36128921003315556,0.0,140.90949855845466,810.6114095430302
Zaterdag,1569.14448777938,557.9446327325162,4223.836819142033,0.09245843547224225,0.0,123.41437505407355,814.6740124729632
Zondag,1390.7751077399826,554.2502533871433,4226.099050410781,0.19268106803113288,0.0,108.54078884404728,797.6864179518593
