Weekdag,Aardgas,Ander,Nucleair,Olie,Steenkool,Water,Wind
Maandag,2154.090625405246,576.5067964436586,4224.725999705275,0.5620975210400498,0.0,150.37765769394505,766.8766424010217
Dinsdag,2323.826391393173,581.3326725649137,4239.010120502175,0.5741893370238565,0.0,148.1709431264004,731.4592617305918
Woensdag,2342.093781217243,579.6383812565513,4239.967318003144,0.6208914766771488,0.0,143.39199135220127,753.4555844470649
Donderdag,2303.8470171690697,576.5164899737877,4237.739130897772,0.43897228047182174,0.0,142.86678577981652,758.1692376802097
Vrijdag,2157.3609212445785,577.5920002957024,4238.5076480812195,0.35915800367985284,0.0,142.77883710080167,771.8542055789197
Zaterdag,1553.0119909294071,568.8072121072697,4205.677069146838,0.10305925463388985,0.0,124.13102928224004,775.899413073485
Zondag,1380.2002999605832,564.2144316121403,4206.708377217185,0.2414148929181448,0.0,111.25231490605702,765.9300634607805
