Weekdag,Aardgas,Ander,Nucleair,Olie,Steenkool,Water,Wind
Maandag,2199.3353172065054,587.1403355541888,4235.871141417248,0.5782744635779692,0.0,150.34499596829303,726.6687422099221
Dinsdag,2359.321663676976,591.2173040549828,4251.348180171821,0.5979159450171821,0.0,147.55306941580756,702.4088298281787
Woensdag,2375.2886995560107,589.7253417691256,4253.0599734972675,0.6473557035519126,0.0,143.24596458333332,730.8542204918033
Donderdag,2327.838761990981,585.9283789628314,4250.690272888767,0.44880107269745834,0.0,141.43569858567915,744.3719614307188
Vrijdag,2189.3021463272576,587.0274576538303,4250.735569754694,0.3697148828285597,0.0,142.53219271618474,748.6703019048924
Zaterdag,1577.604534304318,577.8285511651816,4215.760531768335,0.10746699794379713,0.0,125.0063424948595,748.8491717614804
Zondag,1414.9047758241757,573.9220390453297,4217.598618200549,0.2523913118131868,0.0,110.59658997252748,722.9095158653847
