Weekdag,Aardgas,Ander,Nucleair,Olie,Steenkool,Water,Wind
Maandag,2261.6051840477244,602.694130100162,4311.875008948299,0.6064976064221534,0.0,151.39046509058772,729.4851056488437
Dinsdag,2431.0612457759003,608.0402732696012,4325.2620474655405,0.6379107010523196,0.0,149.01591896398398,694.9414303023566
Woensdag,2447.850584805654,606.1007603062426,4327.47267826119,0.6923221068904594,0.0,145.10458189782096,718.2448755889282
Donderdag,2385.25878594379,601.4371906784356,4325.093504967315,0.4815945636518078,0.0,143.02384163681353,750.0135339956421
Vrijdag,2261.7121133432174,603.0693622312824,4325.871745811713,0.3894227575982209,0.0,143.8105122683469,751.4434962935509
Zaterdag,1644.9698123980424,593.5590371867121,4296.323179408275,0.08949384546937565,0.0,124.2944305946908,733.0852162613081
Zondag,1468.3320864458278,588.508134430117,4297.823562138728,0.2708748703127316,0.0,112.19195227508521,714.6484078108789
