Weekdag,Aardgas,Ander,Nucleair,Olie,Steenkool,Water,Wind
Maandag,2260.4816434474183,601.2898788942518,4300.851344778412,0.6022396153283603,0.0,151.49472608600263,729.4874762688313
Dinsdag,2427.2723007726267,606.6611647167035,4316.398716151582,0.6335652685798381,0.0,149.08551835908756,697.2027934142752
Woensdag,2447.22280003655,604.364436622807,4318.648139656432,0.6874637061403509,0.0,145.12843326023392,717.6468239400585
Donderdag,2379.6253800087748,599.3819268792045,4314.122370247148,0.47730458467388126,0.0,143.2297616627669,750.2905227771279
Vrijdag,2255.2261830717325,600.9026158500807,4313.8479913451665,0.3914277541440516,0.0,143.8599488778055,749.8721452985184
Zaterdag,1637.197011665444,591.6775415260455,4280.979172560528,0.0885483492296405,0.0,124.56622641232575,731.8752621423331
Zondag,1463.9271574669954,587.2654165777957,4285.172727429853,0.2688328246239841,0.0,112.25613911668445,713.0703210017284
