Weekdag,Aardgas,Ander,Nucleair,Olie,Steenkool,Water,Wind
Maandag,2241.688947643604,597.4888844721387,4286.580166451798,0.5898169674831686,0.0,151.92045448359832,732.6606819939836
Dinsdag,2412.491043017726,602.7116138132295,4301.684328541577,0.621769130998703,0.0,149.0802912883701,693.6592466854013
Woensdag,2428.5149328465063,600.2753233462199,4303.591738724226,0.6752962843642613,0.0,145.1213955469645,720.7738736039519
Donderdag,2374.986095551007,596.1036895041115,4302.023266831843,0.46966235771481923,0.0,143.11567406370068,744.5151360192466
Vrijdag,2242.235029659795,597.6120929796742,4302.449447816059,0.3864699798183653,0.0,143.80112314401038,745.0007212411706
Zaterdag,1621.4778598053354,588.2544376712328,4269.871231939438,0.08701614996395098,0.0,125.38764578226389,733.1534115356885
Zondag,1450.093992542153,583.2299543522121,4270.1641038334055,0.2633798457991065,0.0,111.64444977662488,716.8457926934717
