Weekdag,Aardgas,Ander,Nucleair,Olie,Steenkool,Water,Wind
Maandag,2230.7416592331765,596.4468416559966,4283.51333116375,0.5857891947645468,0.0,151.76857028026748,737.7343011452555
Dinsdag,2405.4979632938644,601.9810775744528,4299.8259419806245,0.6192258342303553,0.0,149.37787506279153,696.9555931826336
Woensdag,2422.2688833476027,599.8392949129566,4302.034878496004,0.6729836258561644,0.0,145.0131644905822,724.666877211758
Donderdag,2364.633163538396,595.3513208321439,4299.187172887525,0.4667294818726806,0.0,143.2073967313731,748.9387027547816
Vrijdag,2235.8359228346458,596.7696172870437,4299.298545848246,0.3838142090193271,0.0,144.06905798138868,743.4949820329277
Zaterdag,1615.177775490477,587.5022830445367,4266.885060862093,0.08641801517972218,0.0,125.45677534727196,736.1489113919519
Zondag,1442.802955059396,582.3103013095749,4266.906917954773,0.2615704522684986,0.0,111.82741516387577,724.0021682052383
