WeekdayName,Coal Pulverized,Liquid Fuel,Natural Gas,Nuclear,Other,Water,Wind
Maandag,0.0,0.6345623242349049,2301.5201318444997,4346.234578494624,614.1250206782465,149.37134156327542,692.0523401571547
Dinsdag,0.0,0.6920689482261501,2467.134027036062,4358.418353767081,620.1802915047427,145.08503543520956,662.9026228740963
Woensdag,0.0,0.7506803618857902,2490.059637823705,4362.811210491368,619.223390438247,141.62439043824702,673.0895220368526
Donderdag,0.0,0.5022562271670541,2428.9309016937896,4358.015945325474,613.3129985469943,139.39248219030222,693.3164289687811
Vrijdag,0.0,0.4204703799366772,2298.1691594317613,4359.83295938177,613.5532126728879,140.71160989835028,706.5109518830194
Zaterdag,0.0,0.10033551425237539,1666.9806828221372,4329.064014669111,601.5431881563594,122.61845670111686,718.8811175612601
Zondag,0.0,0.21517208062635346,1496.0850307346327,4332.402349866733,597.6254790937865,110.24535019990005,688.9467177661169
