Weekdag,Aardgas,Ander,Nucleair,Olie,Steenkool,Water,Wind
Maandag,2241.688947643604,597.4888844721387,4286.580166451798,0.5898169674831686,0.0,151.92045448359832,732.6606819939836
Dinsdag,2412.491043017726,602.7116138132295,4301.684328541577,0.621769130998703,0.0,149.0802912883701,693.6592466854013
Woensdag,2428.5149328465063,600.2753233462199,4303.591738724226,0.6752962843642613,0.0,145.1213955469645,720.7738736039519
Donderdag,2370.2594061873388,595.7394351188772,4300.741465267832,0.4683338226869092,0.0,142.89201847608135,747.8019089086222
Vrijdag,2238.0174387659818,597.1748448498779,4300.869750071829,0.38513751616147107,0.0,143.95655189627928,745.5310403318489
Zaterdag,1618.3206528955309,587.8276757077166,4268.369614527949,0.0867160511567754,0.0,125.47644715476362,735.6194418379077
Zondag,1449.4748965182011,583.0893845101357,4269.904943398265,0.26321862960429193,0.0,111.60300453678033,717.1412563640947
