Weekdag,Aardgas,Ander,Nucleair,Olie,Steenkool,Water,Wind
Maandag,2295.808713524264,613.5536477724742,4360.456476412092,0.6224852028639618,0.0,149.9411423627685,704.5447542561656
Dinsdag,2446.6020846548136,618.6601375540605,4374.294506246996,0.6656474851834053,0.0,146.7199313631267,689.5195648726574
Woensdag,2471.2714867604964,617.5470844863231,4378.672771986323,0.7267937738549618,0.0,142.82942787849873,706.4639097089695
Donderdag,2418.842051940821,611.5117984807509,4374.200405544066,0.5100768771874006,0.0,140.8145022669424,722.5622358415526
Vrijdag,2292.6530179569036,612.8002591380687,4376.64989772546,0.40668750997605746,0.0,141.97456241021547,721.6060097765363
Zaterdag,1670.112796420134,601.7516967524926,4345.0395884755535,0.09641532855483924,0.0,122.67969571136828,728.0754849637608
Zondag,1494.074945979497,597.4626977414705,4345.989812229697,0.2504799375300336,0.0,111.26909506647446,701.8218517940093
