Weekdag,Aardgas,Ander,Nucleair,Olie,Steenkool,Water,Wind
Maandag,2199.3353172065054,587.1403355541888,4235.871141417248,0.5782744635779692,0.0,150.34499596829303,726.6687422099221
Dinsdag,2359.321663676976,591.2173040549828,4251.348180171821,0.5979159450171821,0.0,147.55306941580756,702.4088298281787
Woensdag,2375.2886995560107,589.7253417691256,4253.0599734972675,0.6473557035519126,0.0,143.24596458333332,730.8542204918033
Donderdag,2332.5651039112267,586.541976984725,4251.422101548052,0.4499385231865196,0.0,141.26639732173436,741.5565129803412
Vrijdag,2195.024102639901,587.831116080022,4251.689298638801,0.3709348961913928,0.0,142.25363278564555,744.0357860580228
Zaterdag,1581.6869899601156,578.5934339843213,4216.6210056732225,0.10782172328428002,0.0,124.80456271489479,745.0946103699628
Zondag,1415.6218540549828,574.0803962542955,4217.779760412371,0.2525647766323024,0.0,110.67058487972508,722.2477536082474
