Weekdag,Aardgas,Ander,Nucleair,Olie,Steenkool,Water,Wind
Maandag,1965.1345036231883,521.7077735507246,4358.122279186795,0.6469103260869565,0.0,152.14290886674718,877.1300529388084
Dinsdag,2169.642274104267,523.3903441525765,4373.363932971015,0.6754256239935589,0.0,148.57315066425122,829.3502175422706
Woensdag,2171.538168265127,520.3516578788791,4373.538073465903,0.6236457946271655,0.0,143.9838851059556,869.8314031334739
Donderdag,2112.345571192385,519.2225650801603,4370.659006012024,0.5091102705410822,0.0,144.88767795591184,875.7304243987977
Vrijdag,1908.830237019521,517.6504168846851,4366.282513232039,0.32232798349768566,0.0,145.20725382370696,918.91704422419
Zaterdag,1388.2253096549287,513.7017611781944,4334.920811195877,0.12788495932905572,0.0,128.88203223361793,868.62502758551
Zondag,1232.0910695511525,513.2858504852406,4338.705602052163,0.2657129498584715,0.0,111.62050854225636,851.6941874241812
