Weekdag,Aardgas,Ander,Nucleair,Olie,Steenkool,Water,Wind
Maandag,1731.4917055121527,482.4845691189236,3962.590126953125,0.425912109375,0.0,158.6002978515625,899.0840343967014
Dinsdag,1939.268008029514,482.61500347222227,3975.49229828559,0.40023328993055557,0.0,160.22780826822915,859.3947728949653
Woensdag,1958.98550390625,479.6179793836806,3956.698010091146,1.0303822699652778,0.0,153.7542548828125,922.8852105034722
Donderdag,1928.3374518229166,481.6006551649306,3967.3467451171873,0.35156510416666664,0.0,151.42710101996528,860.8677250434027
Vrijdag,1715.605284830729,484.4923095703125,3964.024568359375,0.2779406467013889,0.0,155.83433778211804,941.5661166449653
Zaterdag,1211.269627283667,484.22465014768625,3932.1766354884585,0.1191220872989826,0.0,136.84138332786347,895.4303041242753
Zondag,1036.1554540616855,480.7930725534919,3949.4390730965565,0.30980462641181583,0.0,113.64837413119028,875.4742765287282
