Weekdag,Aardgas,Ander,Nucleair,Olie,Steenkool,Water,Wind
Maandag,2290.449154246983,612.7108323146842,4368.631635362796,0.6131201222378938,0.0,150.52953729822912,715.0303483779971
Dinsdag,2449.4621422148603,617.8879435242152,4381.597681377189,0.6555666903297049,0.0,147.1574755087553,694.5047842719671
Woensdag,2471.533955905388,616.2640968828321,4383.059394149436,0.7331118029448621,0.0,143.7254645989975,718.081052239975
Donderdag,2421.5370282043245,610.951145252272,4378.537148856158,0.5024041444688185,0.0,141.19281890473206,736.1681490128487
Vrijdag,2297.170489375123,612.5083088113543,4382.312646954465,0.40230668243642814,0.0,141.99750703725604,732.5216706091071
Zaterdag,1672.720171507498,601.3513167719021,4353.196052565115,0.09501894238358327,0.0,122.88321195737964,733.8801853196528
Zondag,1493.1621254535416,596.4673905190093,4354.454444786244,0.24668658305726454,0.0,111.73948607824578,713.0663734421832
