Weekdag,Aardgas,Ander,Nucleair,Olie,Steenkool,Water,Wind
Maandag,2299.282418222119,612.6647810312645,4365.519498522321,0.609015165655623,0.0,150.99114621247472,710.0158331389018
Dinsdag,2461.912712580241,618.0342370048536,4378.361585329576,0.6506409895099421,0.0,147.7183554877094,689.4713518475027
Woensdag,2477.708902985075,616.0340162080224,4379.847753303793,0.7276408193407959,0.0,143.9275952658582,715.1244837142413
Donderdag,2424.6679711508555,610.7108710730948,4375.311507231727,0.49865369362363915,0.0,141.46225874805597,737.4470629860032
Vrijdag,2293.8750329614604,612.171623342175,4377.696882157903,0.4042574894679357,0.0,142.42373841472929,740.1464146512717
Zaterdag,1675.6809685500236,601.5369606680193,4348.639554588731,0.09395114718276885,0.0,122.73444708912128,735.7793299516155
Zondag,1493.1699717191473,596.6060691179347,4351.160785800899,0.24466986113827496,0.0,111.74636921572463,714.0789457461373
