Weekdag,Aardgas,Ander,Nucleair,Olie,Steenkool,Water,Wind
Maandag,2210.539047135956,589.433342374051,4241.142904416839,0.5840212905452037,0.0,150.20090217391302,728.363539510007
Dinsdag,2377.5153385654125,594.9380808478056,4260.416762746668,0.6055529878536874,0.0,147.2577074792051,694.9968015870254
Woensdag,2398.1105486572537,593.1259373615725,4262.52663835825,0.6555448504983389,0.0,142.93571688122924,721.4779220653377
Donderdag,2344.058772985323,589.126850595403,4259.981274750761,0.4539267169759069,0.0,141.0482140335087,739.337999688452
Vrijdag,2210.404436119983,590.1537336828218,4260.010245104846,0.3746437300374948,0.0,142.07083089154284,738.1834873975837
Zaterdag,1593.132552819836,581.1223108070566,4224.5641277608,0.10890009029031811,0.0,124.14543759549939,734.2735390679261
Zondag,1425.088481882549,576.4703545050673,4224.427559072608,0.25508937248368735,0.0,110.3365029154519,716.7913578717202
