Weekdag,Aardgas,Ander,Nucleair,Olie,Steenkool,Water,Wind
Maandag,2241.688947643604,597.4888844721387,4286.580166451798,0.5898169674831686,0.0,151.92045448359832,732.6606819939836
Dinsdag,2412.491043017726,602.7116138132295,4301.684328541577,0.621769130998703,0.0,149.0802912883701,693.6592466854013
Woensdag,2428.5149328465063,600.2753233462199,4303.591738724226,0.6752962843642613,0.0,145.1213955469645,720.7738736039519
Donderdag,2370.2594061873388,595.7394351188772,4300.741465267832,0.4683338226869092,0.0,142.89201847608135,747.8019089086222
Vrijdag,2238.0174387659818,597.1748448498779,4300.869750071829,0.38513751616147107,0.0,143.95655189627928,745.5310403318489
Zaterdag,1621.0272061461974,588.1845423496776,4269.6095623806605,0.0869628562164499,0.0,125.31558954497964,733.401615052059
Zondag,1450.093992542153,583.2299543522121,4270.1641038334055,0.2633798457991065,0.0,111.64444977662488,716.8457926934717
