Weekdag,Aardgas,Ander,Nucleair,Olie,Steenkool,Water,Wind
Maandag,2210.539047135956,589.433342374051,4241.142904416839,0.5840212905452037,0.0,150.20090217391302,728.363539510007
Dinsdag,2374.175301193947,594.086150527558,4255.316056226572,0.6038926141885326,0.0,147.45065840621965,697.1608495418576
Woensdag,2392.5078218818985,592.2745885416666,4256.366062948399,0.6533741721854305,0.0,143.01752066087195,724.9068073606513
Donderdag,2343.2733665801766,588.9708011762672,4258.887548313441,0.4536597474485383,0.0,140.97243642968346,739.2156241826673
Vrijdag,2210.404436119983,590.1537336828218,4260.010245104846,0.3746437300374948,0.0,142.07083089154284,738.1834873975837
Zaterdag,1593.132552819836,581.1223108070566,4224.5641277608,0.10890009029031811,0.0,124.14543759549939,734.2735390679261
Zondag,1425.088481882549,576.4703545050673,4224.427559072608,0.25508937248368735,0.0,110.3365029154519,716.7913578717202
