Weekdag,Aardgas,Ander,Nucleair,Olie,Steenkool,Water,Wind
Maandag,2299.54612910368,609.601562414109,4355.610489998473,0.6164180790960452,0.0,151.67799244159414,725.4498907466789
Dinsdag,2468.9694346820806,616.1415202312138,4370.8744428516375,0.652923506743738,0.0,147.94287140655106,687.2195947591523
Woensdag,2492.2668907781863,614.024930223652,4372.989381089154,0.7169402190563725,0.0,143.9772642846201,713.0205873927697
Donderdag,2427.640758006436,609.0174456405149,4368.445420510267,0.4913183037082439,0.0,141.35509439166412,739.6813416334661
Vrijdag,2296.904709415834,610.1957759415834,4370.252927209838,0.40049773251345117,0.0,142.5804779784781,742.3469744427363
Zaterdag,1676.193141127172,599.4661632323542,4340.675761302476,0.09256420113793634,0.0,123.21639566353991,734.1730176072583
Zondag,1494.0748783233441,594.0205454510527,4341.896902297526,0.2403175426463808,0.0,112.05498670662364,719.6374852850776
