Weekdag,Aardgas,Ander,Nucleair,Olie,Steenkool,Water,Wind
Maandag,2262.0077781080286,602.0478262879789,4306.403964259504,0.6043611111111111,0.0,151.4112020769118,730.6801148172611
Dinsdag,2430.4086631959826,607.3928101462118,4319.686000184611,0.6358109584994831,0.0,149.10142128193766,696.591793715847
Woensdag,2447.6445331665504,606.0118202052905,4326.715611640484,0.6919909863507597,0.0,145.03518196534344,718.4259099370884
Donderdag,2381.542776251841,600.9586054123711,4322.971269661267,0.48012282768777614,0.0,143.28412625184095,751.5528297864507
Vrijdag,2259.3754446373173,602.358808797459,4323.154182597134,0.38804202984192643,0.0,143.84115116708526,752.3188229058945
Zaterdag,1641.7567290897,592.9967123171273,4290.941243460913,0.08917644451012266,0.0,124.37481080981233,733.4439067164179
Zondag,1466.680612021858,587.9227410648353,4292.403983089647,0.26991474671392707,0.0,112.22398678186383,714.9910521341013
