Weekdag,Aardgas,Ander,Nucleair,Olie,Steenkool,Water,Wind
Maandag,2189.430845587237,584.99053934148,4234.078685200271,0.5753804480651731,0.0,150.34989789545145,734.2833086558044
Dinsdag,2348.754835006145,589.139684521371,4248.946706643452,0.5939967909326779,0.0,147.90542482589103,710.7807316332104
Woensdag,2364.5468635654183,587.6224841883821,4251.192324952497,0.6431384025515744,0.0,143.29024531758958,738.6246123099892
Donderdag,2321.7269622307667,584.873159413386,4249.5636346252,0.4470143591139542,0.0,141.52005086937288,746.5243051141583
Vrijdag,2184.856849679006,586.2855042685425,4249.809837624642,0.3732868802076219,0.0,142.71798306242317,751.6270998497473
Zaterdag,1574.9225805779477,577.0036978412352,4214.954378467004,0.10711459898893293,0.0,125.02748449241699,748.9983483740948
Zondag,1410.0067755701216,572.4036222176704,4216.118088385908,0.2509092926396286,0.0,111.00265185033456,724.8273162296873
