Weekdag,Aardgas,Ander,Nucleair,Olie,Steenkool,Water,Wind
Maandag,2120.0594144178385,571.6564448878754,4192.003302958317,0.5455597364753579,0.0,150.63819944887877,770.0818138540478
Dinsdag,2288.6895778563244,576.2257156413197,4205.398004744618,0.5607469749076551,0.0,148.11277095274485,747.0580846388995
Woensdag,2306.8120021529885,573.5948345997974,4204.902372593719,0.6010335296352584,0.0,143.84737531661602,763.4817209979736
Donderdag,2255.4383246453003,571.2997413541931,4204.235466936914,0.4428881428933367,0.0,143.40777600076007,777.3618384849253
Vrijdag,2104.3550569668487,572.1525453130953,4204.825872539058,0.34837263431982723,0.0,144.10072084973962,798.79193534866
Zaterdag,1526.0997687629358,564.2850925967202,4173.151570641618,0.099853112561694,0.0,124.03087775831874,781.4943874860691
Zondag,1359.3336648834543,560.1523079544007,4174.823278467711,0.2340349955419692,0.0,111.59614950324799,764.314322888804
