Weekdag,Aardgas,Ander,Nucleair,Olie,Steenkool,Water,Wind
Maandag,2289.4966432477413,612.8371016008876,4362.626987597083,0.6201172135045173,0.0,150.14498724045015,709.8038927722301
Dinsdag,2445.358183513405,618.5270047218887,4374.691889315726,0.6651680272108843,0.0,146.61772356942777,690.4735864345738
Woensdag,2471.2714867604964,617.5470844863231,4378.672771986323,0.7267937738549618,0.0,142.82942787849873,706.4639097089695
Donderdag,2418.842051940821,611.5117984807509,4374.200405544066,0.5100768771874006,0.0,140.8145022669424,722.5622358415526
Vrijdag,2292.6530179569036,612.8002591380687,4376.64989772546,0.40668750997605746,0.0,141.97456241021547,721.6060097765363
Zaterdag,1666.6965794746925,601.2808011336421,4346.900804526585,0.09611128851987866,0.0,123.05005783969344,732.9883089174516
Zondag,1490.3859905457157,596.8822679112814,4348.219285184298,0.24952070368597415,0.0,111.59411022020105,707.0379792165311
