Weekdag,Aardgas,Ander,Nucleair,Olie,Steenkool,Water,Wind
Maandag,2120.0594144178385,571.6564448878754,4192.003302958317,0.5455597364753579,0.0,150.63819944887877,770.0818138540478
Dinsdag,2288.6895778563244,576.2257156413197,4205.398004744618,0.5607469749076551,0.0,148.11277095274485,747.0580846388995
Woensdag,2306.8120021529885,573.5948345997974,4204.902372593719,0.6010335296352584,0.0,143.84737531661602,763.4817209979736
Donderdag,2255.4383246453003,571.2997413541931,4204.235466936914,0.4428881428933367,0.0,143.40777600076007,777.3618384849253
Vrijdag,2108.138521440168,572.6261723808615,4208.580794925668,0.3492487505173017,0.0,143.86480590838187,795.8148830738866
Zaterdag,1526.6627730979992,564.3654805021027,4173.869941028419,0.09990719383203772,0.0,124.09320753154073,780.9214113674016
Zondag,1359.3336648834543,560.1523079544007,4174.823278467711,0.2340349955419692,0.0,111.59614950324799,764.314322888804
