Weekdag,Aardgas,Ander,Nucleair,Olie,Steenkool,Water,Wind
Maandag,2150.119372696982,576.087329870639,4224.059976381811,0.5607203710963021,0.0,150.49133496667974,770.2224351561479
Dinsdag,2318.753897483905,580.7707023387202,4238.085119728025,0.5723787281566154,0.0,147.9615778150046,735.8774631126001
Woensdag,2340.9430660578087,579.492621100527,4239.767000621951,0.6204646633277685,0.0,143.29596425414906,753.3875745196242
Donderdag,2303.8470171690697,576.5164899737877,4237.739130897772,0.43897228047182174,0.0,142.86678577981652,758.1692376802097
Vrijdag,2157.3609212445785,577.5920002957024,4238.5076480812195,0.35915800367985284,0.0,142.77883710080167,771.8542055789197
Zaterdag,1553.0119909294071,568.8072121072697,4205.677069146838,0.10305925463388985,0.0,124.13102928224004,775.899413073485
Zondag,1380.2002999605832,564.2144316121403,4206.708377217185,0.2414148929181448,0.0,111.25231490605702,765.9300634607805
