Weekdag,Aardgas,Ander,Nucleair,Olie,Steenkool,Water,Wind
Maandag,2220.4212607017544,594.1350719649123,4266.287815508772,0.5803281754385965,0.0,150.6273601403509,730.066686
Dinsdag,2392.494813355923,599.1978590992517,4280.920105887336,0.6130306367358463,0.0,147.9741102993082,690.6858157207398
Woensdag,2413.198364127385,596.9745432800224,4283.178324319585,0.6621320496632996,0.0,143.5227808291246,715.3746571268238
Donderdag,2353.8010699736146,593.3263393139841,4285.031512576957,0.4606247669305189,0.0,141.86409013192613,742.4022964995603
Vrijdag,2227.112787353481,594.931532057619,4285.623717695241,0.3790919714729558,0.0,142.93962219319306,737.9630410958904
Zaterdag,1606.2387426896453,585.7530158920752,4249.549313321091,0.10474519706173188,0.0,124.52867912134484,737.2490747633847
Zondag,1435.042086721728,580.6187879429621,4249.865228116618,0.2585063885359311,0.0,110.93646925737681,720.090810920514
