Weekdag,Aardgas,Ander,Nucleair,Olie,Steenkool,Water,Wind
Maandag,2185.5709101366897,583.8089112193801,4233.223284882934,0.5735115712545675,0.0,150.40457812288537,734.9892355190148
Dinsdag,2345.9551537702464,588.2988574588267,4248.032746971553,0.592056417585409,0.0,147.88054617530966,710.966699673336
Woensdag,2360.079473045184,586.8342245670997,4250.264007677219,0.6410502908549783,0.0,143.16346462391775,738.4655549580627
Donderdag,2318.8013134920634,583.7261711436711,4248.674759021842,0.44705541988875325,0.0,141.65710649843984,745.0443354361688
Vrijdag,2182.585216269571,585.0040218515998,4248.909489346494,0.37206715452688904,0.0,142.62096963921036,749.6167291354664
Zaterdag,1571.8536073471334,575.8462044123654,4214.152756230424,0.10676450360887921,0.0,124.75712001225658,752.8524202641971
Zondag,1406.687949741391,571.1943653191779,4215.306680277664,0.2500896624472574,0.0,111.06029175173539,729.9463761058936
