WeekdayName,Aardgas,Nucleair,Olie,Other,Steenkool,Water,Wind
Maandag,2301.5201318444997,4346.234578494624,0.6345623242349049,614.1250206782465,0.0,149.37134156327542,692.0523401571547
Dinsdag,2469.37951382642,4360.112838705647,0.6897343828085957,620.4220149092121,0.0,145.38215846243546,663.1624170414793
Woensdag,2490.3262215608465,4364.615894510582,0.7477014715608465,619.4938979828042,0.0,141.68335420800264,675.8967804646164
Donderdag,2427.362295980814,4359.852174040688,0.5011149106847502,613.5273194674165,0.0,139.5653375372147,695.7904918127688
Vrijdag,2297.467582987552,4361.694376846473,0.4187954771784232,613.8815240248963,0.0,140.70312269709544,708.4178824481328
Zaterdag,1667.2085102253322,4329.340260444,0.10028118622183348,601.6000721812653,0.0,122.5536145612062,718.5065827814569
Zondag,1496.0850307346327,4332.402349866733,0.21517208062635346,597.6254790937865,0.0,110.24535019990005,688.9467177661169
