Weekdag,Aardgas,Ander,Nucleair,Olie,Steenkool,Water,Wind
Maandag,2113.2401097468833,570.4797454036016,4187.685954036016,0.5422620576753557,0.0,151.2158809658733,767.9005295302859
Dinsdag,2282.0148118116217,574.7064890808963,4200.972882928219,0.5586536903405495,0.0,147.99934947461705,744.4941959108749
Woensdag,2297.2835925226586,571.9824221739678,4200.331095166163,0.597401907099698,0.0,143.78266408610273,763.667587707704
Donderdag,2247.1809854885423,570.1096053261144,4199.807382649206,0.4412951712415009,0.0,143.54702455300932,776.3652702090153
Vrijdag,2097.3665309304383,571.0324800214619,4200.376639597273,0.3462615515717712,0.0,144.07614827673274,799.4574895846484
Zaterdag,1518.4229907500946,562.882583217578,4163.008192322263,0.09899883192322263,0.0,124.34746347392348,780.0076998674075
Zondag,1353.804567460694,558.9040399228116,4169.224770048401,0.2325024516782133,0.0,111.0274444971687,769.3171449811774
