WeekdayName,Aardgas,Nucleair,Olie,Other,Steenkool,Water,Wind
Maandag,2301.3961902636584,4346.620436482353,0.6340902967187371,614.1905224398711,0.0,149.26382560542194,691.7040739730556
Dinsdag,2469.37951382642,4360.112838705647,0.6897343828085957,620.4220149092121,0.0,145.38215846243546,663.1624170414793
Woensdag,2490.3262215608465,4364.615894510582,0.7477014715608465,619.4938979828042,0.0,141.68335420800264,675.8967804646164
Donderdag,2427.362295980814,4359.852174040688,0.5011149106847502,613.5273194674165,0.0,139.5653375372147,695.7904918127688
Vrijdag,2297.467582987552,4361.694376846473,0.4187954771784232,613.8815240248963,0.0,140.70312269709544,708.4178824481328
Zaterdag,1668.6138143367093,4331.078624439648,0.09993570479827328,601.9572619956832,0.0,122.36691482649842,718.3812079113399
Zondag,1498.8813965488632,4334.474796042808,0.21431524805043967,598.0498133399701,0.0,110.37073701675793,687.9848503401361
