Weekdag,Aardgas,Ander,Nucleair,Olie,Steenkool,Water,Wind
Maandag,2124.944480334223,572.1629180963274,4197.072412949548,0.5472236624729953,0.0,150.53009321387722,766.4278702821197
Dinsdag,2297.311861639449,577.0519641690681,4214.761517835414,0.5638712135766891,0.0,147.77000416266412,740.875923054755
Woensdag,2314.5008965341485,574.3973763060652,4215.172551063965,0.6047095756880735,0.0,143.26699630479104,763.288624745158
Donderdag,2262.84037490441,572.1588826790722,4214.523956570227,0.4450934552638287,0.0,143.08353160846292,776.0695666263064
Vrijdag,2113.623877507987,573.2139468051118,4214.682326357827,0.3505096166134185,0.0,143.68965057507987,792.2128214696485
Zaterdag,1530.332761536495,564.8577846094848,4179.072939281606,0.10021369679151221,0.0,123.96903850824492,779.3023434424134
Zondag,1362.2926442123419,560.6039663664238,4180.023373993868,0.23475261913887824,0.0,111.20339858822027,765.7788300434394
