Weekdag,Aardgas,Ander,Nucleair,Olie,Steenkool,Water,Wind
Maandag,2230.7416592331765,596.4468416559966,4283.51333116375,0.5857891947645468,0.0,151.76857028026748,737.7343011452555
Dinsdag,2401.3673912623444,601.4967393373407,4298.498568162301,0.617497638471447,0.0,149.20712448117933,697.899992951195
Woensdag,2418.9155711746303,599.0363416879977,4300.441739583333,0.6706867534129693,0.0,144.70948713026166,722.5077350327076
Donderdag,2361.1519755334284,594.8941338904694,4297.549510241821,0.46513609530583216,0.0,142.91978435277383,746.6887910028449
Vrijdag,2231.630270509345,596.2855021044371,4297.581636538735,0.3824999643315737,0.0,143.82845270366673,743.1572382650877
Zaterdag,1611.7419612887113,587.1124980376767,4265.245103467961,0.08612202083630655,0.0,125.23243545739975,738.0508840802056
Zondag,1442.1501246200608,582.2698411228322,4266.628988056499,0.2614114428750223,0.0,111.8124560700876,724.5277343822636
