Weekdag,Aardgas,Ander,Nucleair,Olie,Steenkool,Water,Wind
Maandag,2294.614207258417,613.4280017490162,4360.839497436102,0.6220645545971301,0.0,149.84400548555075,705.4200346225703
Dinsdag,2446.6020846548136,618.6601375540605,4374.294506246996,0.6656474851834053,0.0,146.7199313631267,689.5195648726574
Woensdag,2471.2714867604964,617.5470844863231,4378.672771986323,0.7267937738549618,0.0,142.82942787849873,706.4639097089695
Donderdag,2418.842051940821,611.5117984807509,4374.200405544066,0.5100768771874006,0.0,140.8145022669424,722.5622358415526
Vrijdag,2292.6530179569036,612.8002591380687,4376.64989772546,0.40668750997605746,0.0,141.97456241021547,721.6060097765363
Zaterdag,1666.6965794746925,601.2808011336421,4346.900804526585,0.09611128851987866,0.0,123.05005783969344,732.9883089174516
Zondag,1490.3859905457157,596.8822679112814,4348.219285184298,0.24952070368597415,0.0,111.59411022020105,707.0379792165311
