WeekdayName,Coal Pulverized,Liquid Fuel,Natural Gas,Nuclear,Other,Water,Wind
Maandag,0.0,0.631294012622488,2302.4665172728783,4344.199985384487,613.9141361900016,149.36966251453248,686.6841046753032
Dinsdag,0.0,0.692503010536879,2467.276378658639,4358.099056154875,620.1487593243017,145.15572629202208,662.2933174862018
Woensdag,0.0,0.7506803618857902,2490.059637823705,4362.811210491368,619.223390438247,141.62439043824702,673.0895220368526
Donderdag,0.0,0.5022562271670541,2428.9309016937896,4358.015945325474,613.3129985469943,139.39248219030222,693.3164289687811
Vrijdag,0.0,0.4204703799366772,2298.1691594317613,4359.83295938177,613.5532126728879,140.71160989835028,706.5109518830194
Zaterdag,0.0,0.10033551425237539,1666.9806828221372,4329.064014669111,601.5431881563594,122.61845670111686,718.8811175612601
Zondag,0.0,0.21590940242373588,1495.4148190555786,4330.656411157543,597.2565065190138,110.36210146259924,687.3387218972002
