Weekdag,Aardgas,Ander,Nucleair,Olie,Steenkool,Water,Wind
Maandag,2223.712234614843,594.7981134699338,4271.123060061963,0.5820496056893395,0.0,150.88383974088157,731.7471248415716
Dinsdag,2395.484937278651,599.709811694291,4285.866891202721,0.6119313996316759,0.0,148.3355563819238,692.7299108584785
Woensdag,2417.499154386336,597.9258187945514,4292.533615851507,0.6660022231632436,0.0,144.02068201707954,718.4403096548804
Donderdag,2357.414613132241,593.920552981068,4290.781309939248,0.4622224851653009,0.0,142.3384678228313,744.8879765823679
Vrijdag,2229.4207067450757,595.3386126186765,4290.530744721553,0.38013975485333706,0.0,143.12553680742525,740.0679096287374
Zaterdag,1608.3734619418851,586.1524572997874,4254.34073107725,0.10485999291282777,0.0,124.80240740609497,739.5669328490432
Zondag,1437.213750460405,581.1285348845446,4254.665556736081,0.2591438943193087,0.0,111.19165405864854,722.333665143788
