Weekdag,Aardgas,Ander,Nucleair,Olie,Steenkool,Water,Wind
Maandag,2294.702813507572,613.7300275199478,4354.331369158118,0.6246424442273245,0.0,149.36419646637356,698.8164165038266
Dinsdag,2443.387092597147,618.7610957943925,4368.434718970323,0.681363707165109,0.0,146.04097311034596,684.2644717986554
Woensdag,2467.70277335612,617.8820361328125,4373.032533447265,0.7434676513671875,0.0,142.25072501627605,696.3060684814453
Donderdag,2411.9139098013675,611.2779103712146,4368.3877345327255,0.5036385135135135,0.0,140.213730910127,714.5334054054053
Vrijdag,2291.8055917807096,613.0880582643613,4368.277654265345,0.4135446611488978,0.0,140.7613615504384,711.0382795624026
Zaterdag,1667.1339106234618,603.0168367514357,4334.259968990977,0.09876045939294505,0.0,122.53779023789991,716.9668296144381
Zondag,1492.1231302262665,597.810217207739,4337.854020249221,0.2117852106902771,0.0,110.52920634530251,693.7173562059354
