Weekdag,Aardgas,Ander,Nucleair,Olie,Steenkool,Water,Wind
Maandag,2290.258129070316,612.8505497483089,4366.718294596508,0.6154348749410099,0.0,150.2870685858109,711.7676044517855
Dinsdag,2450.375374069675,617.9447491686461,4380.484994695171,0.6580581551860649,0.0,147.00952256532068,690.7105112826604
Woensdag,2475.504939268868,616.7518324292453,4384.703914583333,0.7354970911949685,0.0,143.5002920990566,712.0741315644655
Donderdag,2416.9517289867076,611.3904156904508,4378.599427247269,0.5058720072575238,0.0,141.04580124640083,728.046893345955
Vrijdag,2292.0045948835736,612.5874514493901,4380.700336844607,0.40410696182480593,0.0,142.03260846665611,730.1349559638841
Zaterdag,1664.8074700522895,601.2669005704325,4351.158644390746,0.0953802883853589,0.0,122.99230835049913,736.5123115987957
Zondag,1489.2674353127475,596.6804414885194,4352.449306413302,0.24762410926365794,0.0,111.76668543151227,711.1836207046714
