Weekdag,Aardgas,Ander,Nucleair,Olie,Steenkool,Water,Wind
Maandag,2210.7155226769146,590.3286117573743,4247.2574340811525,0.5732985736047639,0.0,150.06627288464202,729.970407907492
Dinsdag,2378.067730150439,595.1700174118957,4261.515572015601,0.6059114779217161,0.0,147.34488058921855,695.279549623903
Woensdag,2398.1105486572537,593.1259373615725,4262.52663835825,0.6555448504983389,0.0,142.93571688122924,721.4779220653377
Donderdag,2344.058772985323,589.126850595403,4259.981274750761,0.4539267169759069,0.0,141.0482140335087,739.337999688452
Vrijdag,2210.404436119983,590.1537336828218,4260.010245104846,0.3746437300374948,0.0,142.07083089154284,738.1834873975837
Zaterdag,1596.6244601615824,581.8976351859591,4229.655052200864,0.1090335353113247,0.0,123.8574086571946,731.2981250522356
Zondag,1426.1574548683661,577.2974612062961,4230.523594546594,0.2557382295584343,0.0,110.23134851650649,718.3856858893996
