Weekdag,Aardgas,Ander,Nucleair,Olie,Steenkool,Water,Wind
Maandag,2295.808713524264,613.5536477724742,4360.456476412092,0.6224852028639618,0.0,149.9411423627685,704.5447542561656
Dinsdag,2450.483234814398,618.5603583480636,4372.436512534147,0.6677867989715571,0.0,146.47761698537684,685.5345326209224
Woensdag,2477.993707375479,617.6308173690933,4376.525675846105,0.7295784243295019,0.0,142.6608430316092,700.1829224537037
Donderdag,2422.6173952810605,611.5230417598211,4372.053437160652,0.5120318189076972,0.0,140.58763530022358,718.1493141967422
Vrijdag,2298.1937805239545,613.0161141643968,4374.494814653101,0.4082514420765903,0.0,141.8448043983336,718.1671204133952
Zaterdag,1670.8307066036223,601.8523153550249,4344.63984476679,0.09648100657156597,0.0,122.75901550729283,727.0266544718704
Zondag,1494.074945979497,597.4626977414705,4345.989812229697,0.2504799375300336,0.0,111.26909506647446,701.8218517940093
