WeekdayName,Coal Pulverized,Liquid Fuel,Natural Gas,Nuclear,Other,Water,Wind
Maandag,0.0,0.631294012622488,2302.4665172728783,4344.199985384487,613.9141361900016,149.36966251453248,686.6841046753032
Dinsdag,0.0,0.692503010536879,2467.276378658639,4358.099056154875,620.1487593243017,145.15572629202208,662.2933174862018
Woensdag,0.0,0.7506803618857902,2490.059637823705,4362.811210491368,619.223390438247,141.62439043824702,673.0895220368526
Donderdag,0.0,0.5022562271670541,2428.9309016937896,4358.015945325474,613.3129985469943,139.39248219030222,693.3164289687811
Vrijdag,0.0,0.4204703799366772,2298.1691594317613,4359.83295938177,613.5532126728879,140.71160989835028,706.5109518830194
Zaterdag,0.0,0.10068377033412787,1664.8508795634173,4327.237022038222,601.1838435578974,122.47693965625393,718.7327375486138
Zondag,0.0,0.21603579193845124,1495.2723332078942,4330.34708508948,597.1892884679712,110.41836205887272,687.6001450493394
