Weekdag,Aardgas,Ander,Nucleair,Olie,Steenkool,Water,Wind
Maandag,2262.0077781080286,602.0478262879789,4306.403964259504,0.6043611111111111,0.0,151.4112020769118,730.6801148172611
Dinsdag,2430.4086631959826,607.3928101462118,4319.686000184611,0.6358109584994831,0.0,149.10142128193766,696.591793715847
Woensdag,2448.282110035211,605.4868973004694,4321.885540492958,0.6898843529929578,0.0,145.00218287852113,719.0864927743544
Donderdag,2381.396905752033,600.8739336105693,4322.21430982961,0.47989312920914146,0.0,143.21557682258123,751.6002399808633
Vrijdag,2259.3754446373173,602.358808797459,4323.154182597134,0.38804202984192643,0.0,143.84115116708526,752.3188229058945
Zaterdag,1641.7567290897,592.9967123171273,4290.941243460913,0.08917644451012266,0.0,124.37481080981233,733.4439067164179
Zondag,1466.680612021858,587.9227410648353,4292.403983089647,0.26991474671392707,0.0,112.22398678186383,714.9910521341013
