Weekdag,Aardgas,Ander,Nucleair,Olie,Steenkool,Water,Wind
Maandag,2230.7416592331765,596.4468416559966,4283.51333116375,0.5857891947645468,0.0,151.76857028026748,737.7343011452555
Dinsdag,2401.3673912623444,601.4967393373407,4298.498568162301,0.617497638471447,0.0,149.20712448117933,697.899992951195
Woensdag,2421.384972621297,599.6878535881074,4301.710582189583,0.6725277886706357,0.0,144.92509218922677,724.267534490749
Donderdag,2364.633163538396,595.3513208321439,4299.187172887525,0.4667294818726806,0.0,143.2073967313731,748.9387027547816
Vrijdag,2235.8359228346458,596.7696172870437,4299.298545848246,0.3838142090193271,0.0,144.06905798138868,743.4949820329277
Zaterdag,1615.177775490477,587.5022830445367,4266.885060862093,0.08641801517972218,0.0,125.45677534727196,736.1489113919519
Zondag,1442.802955059396,582.3103013095749,4266.906917954773,0.2615704522684986,0.0,111.82741516387577,724.0021682052383
