Weekdag,Aardgas,Ander,Nucleair,Olie,Steenkool,Water,Wind
Maandag,2182.0841069067856,582.9480820180764,4232.3920675839745,0.5716547956292999,0.0,150.56473549844867,736.3664722109806
Dinsdag,2346.5750571835574,587.4901186406187,4247.1502679419345,0.5901286799620132,0.0,147.9747674331841,712.2806051417718
Woensdag,2359.235753354287,586.6424997465275,4250.064343945385,0.6405953225860962,0.0,143.06434803474264,739.3833502990976
Donderdag,2314.3195391407307,583.084071820027,4247.940214783491,0.4466252368064953,0.0,142.00412266576456,748.4320092692827
Vrijdag,2176.598436117519,584.1560404057539,4247.997831727507,0.37085537386348216,0.0,142.83580445107884,754.4424889062287
Zaterdag,1568.5707884145513,575.021371928872,4213.364668691462,0.10641668929007737,0.0,124.54441648567939,756.0326668929007
Zondag,1404.8231543209877,570.3957640075973,4214.518622541039,0.24927536969203637,0.0,111.07051315967982,730.1992339234839
