Weekdag,Aardgas,Ander,Nucleair,Olie,Steenkool,Water,Wind
Maandag,2142.5563420984286,575.1783195688872,4222.20105099987,0.5572254252694455,0.0,150.46385323334633,768.8518752759383
Dinsdag,2309.801991154198,579.7242164447056,4236.135558787048,0.5705138399268833,0.0,147.7608487400444,740.5201039952997
Woensdag,2329.817236305815,577.9568144470404,4235.452063278816,0.615088752596054,0.0,143.13138100337488,759.1060238836968
Donderdag,2294.1070391397707,575.3872265747007,4235.561184246486,0.43588736335242056,0.0,142.33933612051015,762.0454893610098
Vrijdag,2147.2113316573073,576.7081474794305,4236.5282261656,0.35690652344260154,0.0,142.77078823298942,776.1445158025336
Zaterdag,1548.655025016329,568.0666126387982,4203.914561757021,0.10241303069888961,0.0,123.61040522534292,774.5543940235141
Zondag,1376.2117992231363,563.4711613134874,4204.945762403709,0.23990191278234757,0.0,111.08238415589503,766.8250073443008
