Weekdag,Aardgas,Ander,Nucleair,Olie,Steenkool,Water,Wind
Maandag,2296.013037269487,612.2792479079499,4363.898892646831,0.6067501162250116,0.0,150.94629726483808,714.7082398496824
Dinsdag,2464.2502358056463,617.8670170020278,4376.702941740758,0.6482052721884262,0.0,147.72829527374824,687.6796973561068
Woensdag,2482.945240783767,615.610113925031,4378.186340342318,0.72493583488228,0.0,143.8888760842627,712.9203486679057
Donderdag,2430.8099498760457,610.5875006197707,4373.677914510381,0.4967993879764487,0.0,141.3002072745584,735.6362044468547
Vrijdag,2294.4369879156434,612.1533257708651,4377.409856819865,0.4039895918606011,0.0,142.3309948933848,739.7184168323392
Zaterdag,1675.6809685500236,601.5369606680193,4348.639554588731,0.09395114718276885,0.0,122.73444708912128,735.7793299516155
Zondag,1492.8676483777883,596.2029799953206,4349.903630634846,0.2439161207299953,0.0,112.02944357354546,714.9535244111682
