Weekdag,Aardgas,Ander,Nucleair,Olie,Steenkool,Water,Wind
Maandag,2290.449154246983,612.7108323146842,4368.631635362796,0.6131201222378938,0.0,150.52953729822912,715.0303483779971
Dinsdag,2449.3461393361554,617.9284528622859,4380.817471772758,0.6576155793804644,0.0,146.91488776357954,690.9934513193813
Woensdag,2475.504939268868,616.7518324292453,4384.703914583333,0.7354970911949685,0.0,143.5002920990566,712.0741315644655
Donderdag,2422.9975093189682,611.3628027681661,4380.1708852233405,0.5043006055363322,0.0,141.07307997798048,730.8495924819125
Vrijdag,2298.2227761559097,612.591132988796,4382.605380148335,0.402576495186997,0.0,142.08855227236864,731.4379679264637
Zaterdag,1672.720171507498,601.3513167719021,4353.196052565115,0.09501894238358327,0.0,122.88321195737964,733.8801853196528
Zondag,1493.1621254535416,596.4673905190093,4354.454444786244,0.24668658305726454,0.0,111.73948607824578,713.0663734421832
