WeekdayName,Coal Pulverized,Liquid Fuel,Natural Gas,Nuclear,Other,Water,Wind
Maandag,0.0,0.631294012622488,2302.4665172728783,4344.199985384487,613.9141361900016,149.36966251453248,686.6841046753032
Dinsdag,0.0,0.692503010536879,2467.276378658639,4358.099056154875,620.1487593243017,145.15572629202208,662.2933174862018
Woensdag,0.0,0.7506803618857902,2490.059637823705,4362.811210491368,619.223390438247,141.62439043824702,673.0895220368526
Donderdag,0.0,0.50397184037324,2426.6758514538033,4356.363498042157,613.006651212197,139.12571807048238,693.643203324169
Vrijdag,0.0,0.4221587334783336,2295.442586414589,4357.881557344822,613.2234393926719,140.4219442446043,704.7052163292622
Zaterdag,0.0,0.10073853556485354,1664.7241381589959,4326.950113891214,601.1276507112971,122.54348393305439,718.0406158158995
Zondag,0.0,0.21603579193845124,1495.2723332078942,4330.34708508948,597.1892884679712,110.41836205887272,687.6001450493394
