Weekdag,Aardgas,Ander,Nucleair,Olie,Steenkool,Water,Wind
Maandag,2148.4507949038925,556.5131892262963,4455.971025561299,0.5287703117428526,0.0,150.48461363269263,792.2303727588435
Dinsdag,2327.5944877613874,559.3697897552278,4469.52896668828,0.5583841789593127,0.0,147.4322548224996,764.1202653590534
Woensdag,2356.1881025516795,558.9616453892119,4473.025660247094,0.729671552002584,0.0,143.14792207687339,798.1072875484497
Donderdag,2297.378486510501,553.985027625202,4467.420342084007,0.4190271001615509,0.0,141.93402350565427,813.2694943053312
Vrijdag,2138.4575922116987,554.9126422909638,4471.483701841388,0.3236020080484533,0.0,143.2016049754075,825.3844105930654
Zaterdag,1524.3151058192457,548.7342559330299,4439.117668603706,0.10395631501950586,0.0,126.56537280559168,823.8472803559818
Zondag,1358.2094191653161,545.7241562803889,4436.8328666936795,0.21302410858995138,0.0,110.00500076985415,790.933896961102
