Weekdag,Aardgas,Ander,Nucleair,Olie,Steenkool,Water,Wind
Maandag,2210.539047135956,589.433342374051,4241.142904416839,0.5840212905452037,0.0,150.20090217391302,728.363539510007
Dinsdag,2374.175301193947,594.086150527558,4255.316056226572,0.6038926141885326,0.0,147.45065840621965,697.1608495418576
Woensdag,2392.5078218818985,592.2745885416666,4256.366062948399,0.6533741721854305,0.0,143.01752066087195,724.9068073606513
Donderdag,2342.429177753243,588.3852246411814,4253.819459667403,0.4524232335081424,0.0,141.06035243582667,739.9627350607232
Vrijdag,2204.263465017301,589.4052873356402,4253.799107889273,0.37339923875432524,0.0,142.1972464013841,742.6691376470588
Zaterdag,1592.5117740871858,580.9769812231015,4223.539419339164,0.10883961543801195,0.0,124.07649989587672,734.9039019158683
Zondag,1425.088481882549,576.4703545050673,4224.427559072608,0.25508937248368735,0.0,110.3365029154519,716.7913578717202
