Weekdag,Aardgas,Ander,Nucleair,Olie,Steenkool,Water,Wind
Maandag,2295.808713524264,613.5536477724742,4360.456476412092,0.6224852028639618,0.0,149.9411423627685,704.5447542561656
Dinsdag,2446.6020846548136,618.6601375540605,4374.294506246996,0.6656474851834053,0.0,146.7199313631267,689.5195648726574
Woensdag,2471.2714867604964,617.5470844863231,4378.672771986323,0.7267937738549618,0.0,142.82942787849873,706.4639097089695
Donderdag,2421.366645535785,611.4647678528684,4372.461585813452,0.5116641267054974,0.0,140.49118786403895,719.2843064310222
Vrijdag,2298.1937805239545,613.0161141643968,4374.494814653101,0.4082514420765903,0.0,141.8448043983336,718.1671204133952
Zaterdag,1670.8307066036223,601.8523153550249,4344.63984476679,0.09648100657156597,0.0,122.75901550729283,727.0266544718704
Zondag,1494.074945979497,597.4626977414705,4345.989812229697,0.2504799375300336,0.0,111.26909506647446,701.8218517940093
