Weekdag,Aardgas,Ander,Nucleair,Olie,Steenkool,Water,Wind
Maandag,2287.012479194782,605.9550388364073,4337.547752136752,0.6124668990853201,0.0,152.28837250712252,729.0713912880492
Dinsdag,2454.1634371510486,611.637091745888,4349.560701335446,0.6488449524671797,0.0,149.02111075901615,695.1670729591067
Woensdag,2472.15309371253,609.6260740407674,4350.931536758094,0.7047739433453238,0.0,145.16983884142687,722.5243616981414
Donderdag,2402.9855934407797,604.5402277736132,4346.387281784108,0.48741922788605696,0.0,143.05602631184408,754.9221168665667
Vrijdag,2280.1184187471804,605.7155513235073,4346.953530455708,0.39340679049481125,0.0,143.9188799067529,749.4624966536321
Zaterdag,1658.461705844742,595.4557279975929,4317.063636151647,0.0907863697908831,0.0,123.71316304347826,733.7525352414624
Zondag,1482.4908374934016,591.0356356986653,4323.125847108061,0.2525952039816002,0.0,111.9269645954302,720.1055775959582
