Weekdag,Aardgas,Ander,Nucleair,Olie,Steenkool,Water,Wind
Maandag,1597.194139046717,433.41111852904044,3761.928253945707,0.2874139835858586,0.0,154.70413841540403,1048.2992002840908
Dinsdag,1772.2131376262626,433.19294902146464,3780.0583418560605,0.13629987373737373,0.0,158.73980318813133,990.2887810921717
Woensdag,1783.9211995215312,428.7202906364651,3763.1061850079745,0.13814688995215313,0.0,149.5628432216906,1043.1820082947838
Donderdag,1851.8453519570708,439.35409138257575,3784.616232323232,0.20503251262626263,0.0,156.28213289141414,1007.9301167929292
Vrijdag,1645.0200609217172,443.95873106060606,3783.1368166035354,0.13231723484848484,0.0,151.69032702020203,1000.0892428977272
Zaterdag,1137.826055239899,447.24345470328285,3742.267538983586,0.11493623737373737,0.0,129.9037084911616,973.4975093118686
Zondag,955.3562266414142,440.0632888257576,3734.2609551767678,0.34452698863636366,0.0,115.54100426136363,1037.4974690656566
