Weekdag,Aardgas,Ander,Nucleair,Olie,Steenkool,Water,Wind
Maandag,2142.5563420984286,575.1783195688872,4222.20105099987,0.5572254252694455,0.0,150.46385323334633,768.8518752759383
Dinsdag,2309.801991154198,579.7242164447056,4236.135558787048,0.5705138399268833,0.0,147.7608487400444,740.5201039952997
Woensdag,2329.817236305815,577.9568144470404,4235.452063278816,0.615088752596054,0.0,143.13138100337488,759.1060238836968
Donderdag,2290.4279657556476,575.1037711308751,4234.844820468709,0.4348686704752012,0.0,142.48586568423787,764.6531064983121
Vrijdag,2142.3305224580135,576.3337713188387,4235.554850442651,0.35579133576357247,0.0,143.0655516208827,779.3494768910299
Zaterdag,1547.905908266162,567.9589001076919,4203.7048129425975,0.10233616160297622,0.0,123.56365479881212,774.6379709232124
Zondag,1376.2117992231363,563.4711613134874,4204.945762403709,0.23990191278234757,0.0,111.08238415589503,766.8250073443008
