Weekdag,Aardgas,Ander,Nucleair,Olie,Steenkool,Water,Wind
Maandag,2180.8124763009278,582.0850752319484,4231.458693592846,0.5698100040338846,0.0,150.32583037515127,739.1441636748689
Dinsdag,2347.5727447599734,586.6244172413792,4245.9186478025695,0.5890972954699121,0.0,148.09515821501014,712.4786165652467
Woensdag,2365.998163776882,585.2711066196237,4246.873393581989,0.6369144825268818,0.0,143.508775,736.8434300403226
Donderdag,2318.5175510327863,582.1464518987768,4246.516726252654,0.4448644404757893,0.0,142.03957509182194,746.2154335343869
Vrijdag,2180.948314182335,583.4245813607466,4247.113435716218,0.36965146084133643,0.0,142.93662258217233,752.8801021236304
Zaterdag,1572.5354401975376,574.346418278988,4212.591938472467,0.10607113381139224,0.0,124.39066411852252,753.8894931335409
Zondag,1403.1853477011496,569.6995002366464,4213.741298850575,0.2484663624070318,0.0,110.94495736984449,733.722190229885
