Weekdag,Aardgas,Ander,Nucleair,Olie,Steenkool,Water,Wind
Maandag,2281.661039070671,605.0597741670402,4332.3615331316305,0.6102706932616166,0.0,151.9505536007769,726.7032630733602
Dinsdag,2451.295411141182,610.7020978800181,4344.317550819425,0.646916629078334,0.0,149.234815666817,693.7963164561721
Woensdag,2466.2229604614695,608.5967816980286,4345.727819071088,0.7022478718637993,0.0,144.93512850955793,722.2987181152927
Donderdag,2402.0499874878246,604.4323011538173,4345.62810968757,0.4871635948153143,0.0,142.98099880122874,755.001319435079
Vrijdag,2280.1184187471804,605.7155513235073,4346.953530455708,0.39340679049481125,0.0,143.9188799067529,749.4624966536321
Zaterdag,1658.461705844742,595.4557279975929,4317.063636151647,0.0907863697908831,0.0,123.71316304347826,733.7525352414624
Zondag,1479.9827092542475,590.4569446323861,4318.732010111262,0.2518166441136671,0.0,112.21802447000451,718.0930528116072
