Weekdag,Aardgas,Ander,Nucleair,Olie,Steenkool,Water,Wind
Maandag,2303.35877688048,611.1452166589755,4360.714464928472,0.6022701892016613,0.0,151.16123434856175,716.6133868635594
Dinsdag,2472.6510844945037,617.1562125328999,4373.353336700728,0.6558044976002477,0.0,147.83347824740673,684.8591202198483
Woensdag,2486.4155884484885,615.4376696869217,4376.287740630783,0.7218053285009253,0.0,143.82786728871068,712.3127236273905
Donderdag,2433.795832046928,610.6442123726459,4372.093662434394,0.49495882216733555,0.0,141.5027098641556,737.0024639935165
Vrijdag,2301.96159125755,611.8428737416757,4374.492601595168,0.403474949667028,0.0,142.1930463450519,740.402412149605
Zaterdag,1679.9013281177383,600.8867755615802,4345.647181099923,0.09325251742835013,0.0,122.99241866769945,736.9595370642913
Zondag,1496.945246942251,595.3660817464004,4346.903899055582,0.24210346028797025,0.0,111.7658432806936,716.4757496903545
