Weekdag,Aardgas,Ander,Nucleair,Olie,Steenkool,Water,Wind
Maandag,2254.193220479303,599.6625193173566,4294.467471496006,0.5980409949164851,0.0,151.3600741466957,729.1675
Dinsdag,2423.8627753909104,605.2695583442934,4309.847184750841,0.629121145696332,0.0,148.92852561011253,694.6482655268157
Woensdag,2444.6014089721252,602.4368477787456,4312.108697190767,0.682673018292683,0.0,145.21393662891987,715.9742031068524
Donderdag,2379.7633880336916,597.672392571885,4307.644021129829,0.47453761254719723,0.0,142.89236770258495,746.8657760673831
Vrijdag,2253.10975234686,599.8045772728933,4310.190101618146,0.3898693063520473,0.0,143.85669795814005,747.5457074186361
Zaterdag,1634.8311038163474,590.8546397865185,4277.846922868841,0.08823760783740313,0.0,124.73158824389532,729.6121240678461
Zondag,1460.741864715768,585.8717292123338,4279.192139485605,0.2670747844512641,0.0,112.28615179745725,710.1090089507527
