Weekdag,Aardgas,Ander,Nucleair,Olie,Steenkool,Water,Wind
Maandag,2290.258129070316,612.8505497483089,4366.718294596508,0.6154348749410099,0.0,150.2870685858109,711.7676044517855
Dinsdag,2443.0622509431714,617.8421726301576,4378.852022477265,0.6601226718557642,0.0,146.84776494182123,692.4220717604543
Woensdag,2467.173791232639,616.841162365846,4382.742563920455,0.7212877604166666,0.0,143.2098170770202,714.3091787010732
Donderdag,2416.1024133643828,611.3796034101673,4378.250716490369,0.5062114382696558,0.0,141.1287517366593,727.6243400694664
Vrijdag,2292.0045948835736,612.5874514493901,4380.700336844607,0.40410696182480593,0.0,142.03260846665611,730.1349559638841
Zaterdag,1664.8074700522895,601.2669005704325,4351.158644390746,0.0953802883853589,0.0,122.99230835049913,736.5123115987957
Zondag,1489.2674353127475,596.6804414885194,4352.449306413302,0.24762410926365794,0.0,111.76668543151227,711.1836207046714
