Weekdag,Aardgas,Ander,Nucleair,Olie,Steenkool,Water,Wind
Maandag,2248.52896363439,598.9795449413808,4291.373895209147,0.5959635620205529,0.0,151.49743320306845,732.5262746779563
Dinsdag,2419.4859675258485,604.2279855832242,4306.752355795836,0.626922382408621,0.0,149.1757382044561,695.0956930974224
Woensdag,2438.4744890407983,601.6897793330439,4309.058304144965,0.6803026258680556,0.0,145.0503607494213,719.3725817057291
Donderdag,2379.0240806691586,597.5931374968247,4307.294220307,0.47431374968247636,0.0,142.83732539826542,746.7845708531407
Vrijdag,2250.837557756737,599.1776586671522,4307.4344692643845,0.38869187909686814,0.0,143.7472377640204,749.4438256737072
Zaterdag,1630.6225997377242,589.9648317791053,4274.733148440915,0.08792903977852251,0.0,124.876023349847,730.7460441497886
Zondag,1456.8904757536043,585.1070321464978,4275.703476008446,0.2661413644968691,0.0,112.23659232561526,711.3873529561672
