Weekdag,Aardgas,Ander,Nucleair,Olie,Steenkool,Water,Wind
Maandag,2281.661039070671,605.0597741670402,4332.3615331316305,0.6102706932616166,0.0,151.9505536007769,726.7032630733602
Dinsdag,2451.295411141182,610.7020978800181,4344.317550819425,0.646916629078334,0.0,149.234815666817,693.7963164561721
Woensdag,2471.258305332934,609.4876413377275,4350.17031492023,0.704404426634709,0.0,145.09372552617782,722.3175598082541
Donderdag,2402.9855934407797,604.5402277736132,4346.387281784108,0.48741922788605696,0.0,143.05602631184408,754.9221168665667
Vrijdag,2280.1184187471804,605.7155513235073,4346.953530455708,0.39340679049481125,0.0,143.9188799067529,749.4624966536321
Zaterdag,1658.461705844742,595.4557279975929,4317.063636151647,0.0907863697908831,0.0,123.71316304347826,733.7525352414624
Zondag,1479.9827092542475,590.4569446323861,4318.732010111262,0.2518166441136671,0.0,112.21802447000451,718.0930528116072
