Weekdag,Aardgas,Ander,Nucleair,Olie,Steenkool,Water,Wind
Maandag,2229.8282520172042,596.3721797533146,4283.226785056695,0.5854352184267586,0.0,151.69335374826716,737.4800948352469
Dinsdag,2401.3673912623444,601.4967393373407,4298.498568162301,0.617497638471447,0.0,149.20712448117933,697.899992951195
Woensdag,2418.9155711746303,599.0363416879977,4300.441739583333,0.6706867534129693,0.0,144.70948713026166,722.5077350327076
Donderdag,2361.1519755334284,594.8941338904694,4297.549510241821,0.46513609530583216,0.0,142.91978435277383,746.6887910028449
Vrijdag,2231.630270509345,596.2855021044371,4297.581636538735,0.3824999643315737,0.0,143.82845270366673,743.1572382650877
Zaterdag,1611.7419612887113,587.1124980376767,4265.245103467961,0.08612202083630655,0.0,125.23243545739975,738.0508840802056
Zondag,1440.020546676651,581.9790313792612,4265.314491121096,0.2606750463557267,0.0,111.70518289117102,725.2513692768506
