Weekdag,Aardgas,Ander,Nucleair,Olie,Steenkool,Water,Wind
Maandag,2147.0846461508404,575.5639515110068,4223.139725739221,0.5589674351960402,0.0,150.37606350136772,768.9966545199948
Dinsdag,2317.6858327698824,580.6275175435717,4237.856187415892,0.5719466307808448,0.0,147.8559345521384,736.3823674139232
Woensdag,2338.976215680512,578.9734896486416,4239.049127416405,0.6189451084117032,0.0,143.38359753787879,751.6769682601881
Donderdag,2299.5496309119417,575.9478360334465,4236.790561830416,0.437595832244578,0.0,142.5597987326888,759.1600736542985
Vrijdag,2152.1979890279054,577.1274022337219,4237.518525645225,0.35802872396174507,0.0,142.82898811083453,775.5544628913926
Zaterdag,1550.8331339601625,568.4390312213341,4204.791300222775,0.10273512645786922,0.0,123.8261912265758,775.0559864696633
Zondag,1378.3731317288803,563.8046422396857,4205.83084967256,0.2406560248853962,0.0,111.11506123117223,764.4659991159136
