Weekdag,Aardgas,Ander,Nucleair,Olie,Steenkool,Water,Wind
Maandag,2135.7900346287033,573.4167474669745,4209.819752212389,0.5503646274208029,0.0,150.30244978838013,768.9625297870977
Dinsdag,2308.184394165055,577.9691016763379,4223.506258220503,0.5644460670535139,0.0,147.61032285622179,738.6155855577048
Woensdag,2325.735655673077,575.2365388141026,4222.880674070513,0.6075184294871795,0.0,143.16571336538462,758.2561845512821
Donderdag,2274.077779847397,573.1417410874584,4222.243856469608,0.4464282828930495,0.0,142.65710291100282,768.9996077199281
Vrijdag,2123.710345859586,574.3493791950624,4222.877852385238,0.3516647486177189,0.0,143.0472624083837,787.6127054455446
Zaterdag,1536.0124835691317,565.8035886173633,4188.100611864952,0.10083237942122188,0.0,123.90995536977492,778.0468922829582
Zondag,1369.5488332474226,561.7976874999999,4191.92144816366,0.23677947809278352,0.0,111.06184239690721,764.0523270940721
