Weekdag,Aardgas,Ander,Nucleair,Olie,Steenkool,Water,Wind
Maandag,2067.420630773714,546.0738315241149,4346.97404975958,0.49096685123124,0.0,152.06014253970565,814.649171280781
Dinsdag,2245.9729847930985,548.5974325193741,4360.760485158649,0.5125194472876151,0.0,147.37623680362626,785.9641484500659
Woensdag,2275.2844060672514,546.4332441520468,4363.980671929825,0.6626097587719298,0.0,143.92682127192984,815.7470467836257
Donderdag,2213.3053559154723,543.9010759725066,4361.3634257458325,0.4057683167592864,0.0,144.20797948961683,834.4810454445744
Vrijdag,2042.6690184098577,544.4841936702362,4362.959169869444,0.2946967507701335,0.0,145.2826135396802,867.0033528311574
Zaterdag,1463.778505465884,538.3801573000734,4328.773350880411,0.09408573000733676,0.0,126.92413180484226,847.7635382245048
Zondag,1300.9397388106129,535.7679089844464,4329.495954986276,0.19569204025617565,0.0,110.81693185727356,822.5386501372369
