Weekdag,Aardgas,Ander,Nucleair,Olie,Steenkool,Water,Wind
Maandag,2035.7509399545017,528.5483093271073,4487.313713242337,0.7438229166666667,0.0,153.56701400862067,839.6051761853448
Dinsdag,2208.465490075699,528.0938552184538,4497.1498427013175,0.783783764453451,0.0,151.445922632175,820.14756398641
Woensdag,2210.5119061309524,527.9300877380952,4500.2667869642855,0.7374229166666667,0.0,146.18609523809522,875.9767139285714
Donderdag,2165.1531192234397,524.1756713911386,4494.44942883516,0.5548869699857075,0.0,144.8496714506908,862.4840827775131
Vrijdag,1975.7214247067272,522.2592280344745,4491.098180931291,0.38107092410821164,0.0,145.36754895858272,885.4229274598995
Zaterdag,1414.7835800215466,516.7502122336605,4455.1750871438835,0.1514979051951161,0.0,130.4280236413694,850.550737251616
Zondag,1275.7400231988042,519.3115732137519,4464.008642630792,0.3143118086696562,0.0,111.76140890881913,807.6297324962632
