Weekdag,Aardgas,Ander,Nucleair,Olie,Steenkool,Water,Wind
Maandag,2149.218533263694,575.9710466475159,4223.848817849448,0.5603176862309852,0.0,150.38913028008093,769.9440520336881
Dinsdag,2318.753897483905,580.7707023387202,4238.085119728025,0.5723787281566154,0.0,147.9615778150046,735.8774631126001
Woensdag,2338.976215680512,578.9734896486416,4239.049127416405,0.6189451084117032,0.0,143.38359753787879,751.6769682601881
Donderdag,2299.5496309119417,575.9478360334465,4236.790561830416,0.437595832244578,0.0,142.5597987326888,759.1600736542985
Vrijdag,2152.1979890279054,577.1274022337219,4237.518525645225,0.35802872396174507,0.0,142.82898811083453,775.5544628913926
Zaterdag,1550.8331339601625,568.4390312213341,4204.791300222775,0.10273512645786922,0.0,123.8261912265758,775.0559864696633
Zondag,1378.3731317288803,563.8046422396857,4205.83084967256,0.2406560248853962,0.0,111.11506123117223,764.4659991159136
