WeekdayName,Coal Pulverized,Liquid Fuel,Natural Gas,Nuclear,Other,Water,Wind
Maandag,0.0,0.6338204518926129,2301.047565991329,4346.306144989161,613.7044578956145,149.43802913956978,685.3456548274137
Dinsdag,0.0,0.6952939546599496,2464.1211474811084,4359.242611083124,619.9229521830395,144.78350541561713,664.425044038623
Woensdag,0.0,0.7536830833333333,2488.3516632083333,4361.526351833333,618.8706865,141.427801625,669.6268779583334
Donderdag,0.0,0.5042659219739913,2426.5066224158054,4356.074424933311,612.9740903634545,139.1972703817939,693.5177700483495
Vrijdag,0.0,0.4221587334783336,2295.442586414589,4357.881557344822,613.2234393926719,140.4219442446043,704.7052163292622
Zaterdag,0.0,0.10108959986564219,1663.9261165134149,4328.688264223034,600.894343704077,122.43656220346811,715.2123351387664
Zondag,0.0,0.21690646515533163,1495.8569975230898,4332.36414202351,597.4726859781697,110.28048421494543,686.5652374475231
