Weekdag,Aardgas,Ander,Nucleair,Olie,Steenkool,Water,Wind
Maandag,2348.2776309775304,597.9470655367775,4478.030077299789,0.5747501920491647,0.0,149.01967735740348,742.1263573074707
Dinsdag,2512.4950537608484,600.8035136933462,4491.052227242045,0.7557424783027965,0.0,144.28466571841852,725.1353797492768
Woensdag,2555.4165281778037,600.0522052131337,4501.526058515745,0.8429562211981567,0.0,140.88065236175115,740.5339485887097
Donderdag,2480.8244718950496,592.7686314756296,4485.594379823805,0.4618097859912864,0.0,139.33239059657186,767.2414170257589
Vrijdag,2339.0293972931463,596.0161067383375,4483.0683929737,0.3675298041850643,0.0,140.9857594547898,778.3030434344404
Zaterdag,1702.4152429902056,585.8844094488189,4451.981391588246,0.08818369502592664,0.0,124.47075888227386,786.8438902439025
Zondag,1522.3925030822577,581.9951544500096,4458.921161385089,0.15239655172413794,0.0,108.84317645925641,745.2580287998459
