Weekdag,Aardgas,Ander,Nucleair,Olie,Steenkool,Water,Wind
Maandag,2262.0077781080286,602.0478262879789,4306.403964259504,0.6043611111111111,0.0,151.4112020769118,730.6801148172611
Dinsdag,2430.4086631959826,607.3928101462118,4319.686000184611,0.6358109584994831,0.0,149.10142128193766,696.591793715847
Woensdag,2448.282110035211,605.4868973004694,4321.885540492958,0.6898843529929578,0.0,145.00218287852113,719.0864927743544
Donderdag,2380.8201056281187,600.2151529204579,4317.365181464632,0.47898572791312005,0.0,143.21916543146463,752.2321241194599
Vrijdag,2256.9667428602975,601.6364648903283,4317.09331377889,0.39281068747239806,0.0,143.86282091859266,752.2297058736935
Zaterdag,1641.4106836429442,592.9403071610592,4290.306457510064,0.08914680356021716,0.0,124.33738730287699,733.604219595967
Zondag,1466.680612021858,587.9227410648353,4292.403983089647,0.26991474671392707,0.0,112.22398678186383,714.9910521341013
