Weekdag,Aardgas,Ander,Nucleair,Olie,Steenkool,Water,Wind
Maandag,2294.702813507572,613.7300275199478,4354.331369158118,0.6246424442273245,0.0,149.36419646637356,698.8164165038266
Dinsdag,2443.387092597147,618.7610957943925,4368.434718970323,0.681363707165109,0.0,146.04097311034596,684.2644717986554
Woensdag,2473.422843952814,617.7818592187436,4371.2566685987185,0.7383319319155884,0.0,141.92253855259398,691.6399829788971
Donderdag,2418.055721232429,611.7881283507683,4366.179304388689,0.5003257191892775,0.0,140.01667007191892,710.0865260706113
Vrijdag,2293.0701932097754,613.1813162210923,4367.858393718222,0.4138498851894374,0.0,140.8633878956864,710.2298213465639
Zaterdag,1667.1339106234618,603.0168367514357,4334.259968990977,0.09876045939294505,0.0,122.53779023789991,716.9668296144381
Zondag,1492.1231302262665,597.810217207739,4337.854020249221,0.2117852106902771,0.0,110.52920634530251,693.7173562059354
