Weekdag,Aardgas,Ander,Nucleair,Olie,Steenkool,Water,Wind
Maandag,2224.957609474354,595.3201725307333,4276.859160166738,0.583782711600961,0.0,151.22004224954077,733.9448994277236
Dinsdag,2397.040840334044,600.4006186567165,4291.66358681592,0.6137767945984364,0.0,148.5575803837953,694.205892039801
Woensdag,2418.3033208333336,598.0878468926554,4293.613937676554,0.6663804025423729,0.0,144.10716221751412,718.5461566737289
Donderdag,2357.414613132241,593.920552981068,4290.781309939248,0.4622224851653009,0.0,142.3384678228313,744.8879765823679
Vrijdag,2229.4207067450757,595.3386126186765,4290.530744721553,0.38013975485333706,0.0,143.12553680742525,740.0679096287374
Zaterdag,1608.3734619418851,586.1524572997874,4254.34073107725,0.10485999291282777,0.0,124.80240740609497,739.5669328490432
Zondag,1438.7733874485014,581.4323287753942,4259.436092981958,0.25967846995311833,0.0,111.33089476488138,722.8204763105555
