Weekdag,Aardgas,Ander,Nucleair,Olie,Steenkool,Water,Wind
Maandag,2202.790174705399,587.8057249931488,4236.583862085503,0.5797799739654701,0.0,150.10068172787064,727.0662276651137
Dinsdag,2364.4975597503794,592.0368315059992,4252.295394187009,0.5998949800027582,0.0,147.5479911736312,701.9927693076817
Woensdag,2381.7735928591005,590.548229200932,4254.010198464912,0.6494851631030703,0.0,143.16027850877194,726.4619286595395
Donderdag,2334.0043622155194,586.7258148820948,4251.63868045654,0.4502777968193035,0.0,141.37074139703867,740.4013015149437
Vrijdag,2195.024102639901,587.831116080022,4251.689298638801,0.3709348961913928,0.0,142.25363278564555,744.0357860580228
Zaterdag,1581.6869899601156,578.5934339843213,4216.6210056732225,0.10782172328428002,0.0,124.80456271489479,745.0946103699628
Zondag,1415.6218540549828,574.0803962542955,4217.779760412371,0.2525647766323024,0.0,110.67058487972508,722.2477536082474
