Weekdag,Aardgas,Ander,Nucleair,Olie,Steenkool,Water,Wind
Maandag,2198.561239959735,583.5919371029887,4221.218698982957,0.5279331806032838,0.0,149.22925273352078,730.6314453469402
Dinsdag,2359.656735010482,587.4595127533194,4235.996206813417,0.6079438853948288,0.0,146.0727432215234,709.3140464709994
Woensdag,2380.0750354166667,586.0716832291668,4238.466291215278,0.6581449652777778,0.0,141.7064375,735.0095719791667
Donderdag,2325.9506026674076,581.9021687274243,4235.610329015004,0.4540082314531815,0.0,140.17092004723534,751.7331470894693
Vrijdag,2185.294677336481,583.8123055584488,4237.981310106586,0.3795074642410777,0.0,141.9379150812387,757.7607031212027
Zaterdag,1576.295391339075,574.260131546048,4202.500514099181,0.10794995832754549,0.0,124.87476580080568,756.5255972010001
Zondag,1411.024600458206,570.0594609830603,4203.687229068314,0.25512479172452096,0.0,109.79123569841711,725.917756768953
