Weekdag,Aardgas,Ander,Nucleair,Olie,Steenkool,Water,Wind
Maandag,1888.3101154325182,507.296950464221,4479.838887058424,0.7004386322463768,0.0,154.57646671195653,915.2550474977355
Dinsdag,2084.9360290625355,507.70633463387054,4493.330282370236,0.714183987334615,0.0,152.27063683139207,884.5877457732541
Woensdag,2086.687322297297,506.17708541666667,4488.04484420045,0.6950716779279279,0.0,147.7910240990991,928.9508748873874
Donderdag,2022.5186484234237,504.3888222972973,4482.1802282094595,0.5637000563063063,0.0,147.16771036036036,926.0030798986486
Vrijdag,1825.2823663461538,504.48038727375564,4481.434156447965,0.3560085407239819,0.0,147.23889977375566,958.4055027714933
Zaterdag,1295.0709689847486,499.3887431140451,4457.797447302527,0.14404888458911905,0.0,129.01136023218757,890.6441052811291
Zondag,1152.3122122395832,500.39769616168473,4461.864482450181,0.29760331748188407,0.0,114.62715664628622,879.1154245923913
