Weekdag,Aardgas,Ander,Nucleair,Olie,Steenkool,Water,Wind
Maandag,2267.820903030303,603.219651773836,4316.755746119734,0.6086492609016999,0.0,151.74226289726533,725.9038192535107
Dinsdag,2442.2494698619917,608.9949057068259,4333.036402909362,0.6421459903021262,0.0,148.86517348004475,691.9695418127565
Woensdag,2456.600299266014,607.2674819098457,4335.273846938019,0.6972496663701068,0.0,145.110087448102,718.1603159845789
Donderdag,2391.296661376446,602.4682149213883,4330.743066782854,0.48354108573123705,0.0,143.05111624888758,749.7339123034708
Vrijdag,2267.3264688290433,603.7156298541884,4331.234507439369,0.3908133462282399,0.0,143.71242523434012,749.0672271983335
Zaterdag,1647.7501702262243,593.9261009450811,4301.61842852359,0.08981351391576127,0.0,124.1318834648013,733.9855079997023
Zondag,1471.4825507957755,588.9599383831624,4303.17888349695,0.2718418488769894,0.0,111.98989911497844,713.2394181540978
