Weekdag,Aardgas,Ander,Nucleair,Olie,Steenkool,Water,Wind
Maandag,2182.0841069067856,582.9480820180764,4232.3920675839745,0.5716547956292999,0.0,150.56473549844867,736.3664722109806
Dinsdag,2346.5750571835574,587.4901186406187,4247.1502679419345,0.5901286799620132,0.0,147.9747674331841,712.2806051417718
Woensdag,2362.811460423409,586.0629048678534,4249.335240088997,0.6389756944444445,0.0,143.31188791127295,738.2914223300971
Donderdag,2318.8174859050446,582.3302634205556,4247.053152886431,0.4451794577825735,0.0,142.13536296196386,746.4941050714864
Vrijdag,2180.948314182335,583.4245813607466,4247.113435716218,0.36965146084133643,0.0,142.93662258217233,752.8801021236304
Zaterdag,1572.5354401975376,574.346418278988,4212.591938472467,0.10607113381139224,0.0,124.39066411852252,753.8894931335409
Zondag,1404.490283588666,570.255846427603,4214.354519116052,0.24910639235357918,0.0,111.02249274674621,730.1294325854121
