Weekdag,Aardgas,Ander,Nucleair,Olie,Steenkool,Water,Wind
Maandag,2204.0188665501164,587.9824109419992,4236.773802858906,0.5801774646921707,0.0,150.20358617852736,726.1602315233786
Dinsdag,2364.4975597503794,592.0368315059992,4252.295394187009,0.5998949800027582,0.0,147.5479911736312,701.9927693076817
Woensdag,2381.7735928591005,590.548229200932,4254.010198464912,0.6494851631030703,0.0,143.16027850877194,726.4619286595395
Donderdag,2336.7788165039865,587.4275160503162,4252.501655519659,0.45068170882595543,0.0,141.33994665933463,741.025299422601
Vrijdag,2199.2701752310663,588.6079416126362,4252.685904676507,0.3721629879983446,0.0,142.19326758863292,744.153195475238
Zaterdag,1585.5349986201186,579.4324178625639,4217.497253001242,0.1081787981233614,0.0,124.72444711604803,740.7080617841866
Zondag,1419.0358740863328,574.892135498552,4218.673740311681,0.2534007378292649,0.0,110.79379389049785,717.2595160667495
