Weekdag,Aardgas,Ander,Nucleair,Olie,Steenkool,Water,Wind
Maandag,2139.1061596552167,573.7755612376174,4213.628696770874,0.5520639392769845,0.0,150.2132064196578,769.4868614434581
Dinsdag,2311.069458478851,578.2560626050964,4227.3845988552575,0.566198324925624,0.0,147.5461774026646,738.47339276937
Woensdag,2327.807994148662,575.8686044881688,4226.736217946245,0.6093934863683128,0.0,143.07625524048356,760.5176272826645
Donderdag,2281.785067852883,573.9644346130291,4229.032828256455,0.4367199819488766,0.0,142.25558156851366,768.5945126519034
Vrijdag,2133.7346386984086,575.2876648660888,4230.619878089015,0.35358173761159273,0.0,142.84572664639668,783.3291348492689
Zaterdag,1540.7960243626244,566.7315063090462,4195.625444998059,0.10145874854406627,0.0,123.6656767503559,776.9269285298304
Zondag,1372.0892439852544,562.3200663885655,4196.48023674169,0.23766766912430476,0.0,110.96936980985642,762.811716272151
