Weekdag,Aardgas,Ander,Nucleair,Olie,Steenkool,Water,Wind
Maandag,2312.591735272815,614.5547383309191,4353.766793054885,0.6296989377112506,0.0,149.53169028649606,694.3887479478514
Dinsdag,2462.4898753038406,619.6383806109221,4367.689955882353,0.67341391184573,0.0,146.21350303840546,679.4167523497002
Woensdag,2482.3344945733306,618.656754367561,4373.460685818035,0.7375556586645148,0.0,142.35803481944725,693.7065224530967
Donderdag,2425.9339593699515,612.1865483037157,4369.141994911147,0.5005281502423263,0.0,140.26326502423262,712.3951081179322
Vrijdag,2302.864234114119,613.7422412060301,4370.892916963851,0.4090197357756524,0.0,141.21535025936132,711.7507833927704
Zaterdag,1675.821698800065,602.6809451516134,4337.724590238366,0.09760742662558781,0.0,122.48558825198637,718.8275125263499
Zondag,1500.685318060282,598.1871619267541,4339.0680634824175,0.23331712850429429,0.0,110.70421637497974,695.1697789256198
