Weekdag,Aardgas,Ander,Nucleair,Olie,Steenkool,Water,Wind
Maandag,2300.75854767609,613.5879757227281,4358.189713544162,0.6248713464302827,0.0,149.7355933956237,704.844870787414
Dinsdag,2451.495123934716,618.5247882296189,4372.059280712333,0.6682163129120438,0.0,146.56623082489148,685.8946434716192
Woensdag,2484.167280538095,618.1736037954919,4374.727086839893,0.7318860151339232,0.0,142.3573811506586,695.1399746566841
Donderdag,2429.833424174415,611.7759577188201,4369.829263706316,0.5140018034626482,0.0,140.41213546008336,712.1794420888104
Vrijdag,2305.0010343413223,613.2506961959144,4372.26656446035,0.4098274489303523,0.0,141.67390863760656,712.3493420057905
Zaterdag,1675.3978131134354,602.3339088897827,4342.350124899437,0.09685358004827033,0.0,122.65723889782782,721.2864936444087
Zondag,1497.6353682666022,597.9240826097443,4343.686286702043,0.2514465750120598,0.0,110.92929088277859,698.289719609262
