Weekdag,Aardgas,Ander,Nucleair,Olie,Steenkool,Water,Wind
Maandag,2293.5121359496875,613.5573280516192,4352.510881406461,0.6266066484256952,0.0,149.17612961979825,696.3786525503328
Dinsdag,2449.011431893004,618.6255018106996,4366.238028106996,0.6840555144032922,0.0,146.03323238683126,679.9492644444445
Woensdag,2474.907450367647,617.8152920343138,4370.821415073529,0.7389049836601307,0.0,142.02887091503268,691.1701497957516
Donderdag,2418.055721232429,611.7881283507683,4366.179304388689,0.5003257191892775,0.0,140.01667007191892,710.0865260706113
Vrijdag,2293.0701932097754,613.1813162210923,4367.858393718222,0.4138498851894374,0.0,140.8633878956864,710.2298213465639
Zaterdag,1667.1339106234618,603.0168367514357,4334.259968990977,0.09876045939294505,0.0,122.53779023789991,716.9668296144381
Zondag,1492.1231302262665,597.810217207739,4337.854020249221,0.2117852106902771,0.0,110.52920634530251,693.7173562059354
