Weekdag,Aardgas,Ander,Nucleair,Olie,Steenkool,Water,Wind
Maandag,2039.8857885315033,535.7544875144699,4379.5758754340995,0.547523648089962,0.0,151.47846427980818,856.3301809574996
Dinsdag,2221.356634633761,538.8318500498588,4393.856584011966,0.5782978935560265,0.0,148.213541941917,829.9437627970749
Woensdag,2251.173278604497,537.6041487681878,4393.504761904762,0.5820222800925926,0.0,143.69696982473545,854.6154673859127
Donderdag,2189.4832499586505,534.690662504135,4390.641911263645,0.44513004465762485,0.0,145.11362371816077,868.7228950545815
Vrijdag,2000.2555761825727,534.113883692946,4390.332055975104,0.2870295020746888,0.0,144.00030008298754,923.8705663900414
Zaterdag,1442.1320585671592,529.3038600365267,4355.137021002823,0.10506919309314294,0.0,128.01971413747302,874.3132932508718
Zondag,1281.2975036923333,526.8244522900764,4357.50509965151,0.21809098075008296,0.0,110.0528304015931,853.0321388151343
