Weekdag,Aardgas,Ander,Nucleair,Olie,Steenkool,Water,Wind
Maandag,1238.472347470238,353.7470122767857,3611.1070275297616,0.23267075892857142,0.0,146.85752976190474,1181.3626592261905
Dinsdag,1419.5375204613094,354.2142075892857,3618.3540513392854,0.052356026785714285,0.0,143.7759382440476,1243.8039185267858
Woensdag,1398.0062124255953,344.65842001488096,3583.2948839285714,0.028223958333333334,0.0,139.37824776785715,1213.106671875
Donderdag,1450.9874332695983,361.24078393881456,3621.548306692161,0.17403632887189294,0.0,149.48084627151053,1086.1096393881453
Vrijdag,1043.4352955246914,363.02265046296293,3635.1891026234566,0.06167862654320988,0.0,145.1107912808642,1354.1614012345678
Zaterdag,815.1281848450058,361.621721669219,3606.3786898928024,0.06502946804439341,0.0,116.15597473200613,1210.4766359111793
Zondag,686.3151491815477,364.48959263392857,3590.2506093750003,0.009535714285714286,0.0,113.18029761904762,1217.0843258928571
