Weekdag,Aardgas,Ander,Nucleair,Olie,Steenkool,Water,Wind
Maandag,2283.000525698721,612.8682465261329,4364.692723511764,0.6177671719564187,0.0,150.16405131849046,713.5191537975683
Dinsdag,2442.332911580035,617.8421512478143,4378.500332657765,0.6605686297885869,0.0,146.9426353520903,692.6372674058179
Woensdag,2467.173791232639,616.841162365846,4382.742563920455,0.7212877604166666,0.0,143.2098170770202,714.3091787010732
Donderdag,2411.5737936809596,611.4610426812369,4376.573121550461,0.5077947895632894,0.0,140.93153284238034,728.4460212614325
Vrijdag,2286.3400826045477,612.784799570679,4378.684941206869,0.4051355143902051,0.0,142.12532998091908,727.3368209969788
Zaterdag,1662.439190909814,601.2052811356768,4349.013003340226,0.09574439319230159,0.0,123.09741661364721,738.0594120407189
Zondag,1486.2628459704338,596.6151642028294,4350.341375139087,0.24856878874582736,0.0,111.69898323001114,711.949180933079
