Weekdag,Aardgas,Ander,Nucleair,Olie,Steenkool,Water,Wind
Maandag,2140.541900567815,574.3034946444703,4217.446071686669,0.5537737772615822,0.0,150.28526113046846,770.9120453606918
Dinsdag,2312.44049237706,578.7414185805112,4231.268044310367,0.5679614960425586,0.0,147.73096616712078,737.5736671856753
Woensdag,2332.124136964654,576.3333535539216,4230.607502612229,0.611280153508772,0.0,143.0629265995872,757.4706965299277
Donderdag,2282.8879188387095,574.0722236774194,4229.958984967741,0.437044,0.0,142.32834038709677,768.0893860967742
Vrijdag,2133.7346386984086,575.2876648660888,4230.619878089015,0.35358173761159273,0.0,142.84572664639668,783.3291348492689
Zaterdag,1542.8423334090098,567.1768170466707,4198.586342944248,0.10170554276262446,0.0,123.57024778646256,776.709832095482
Zondag,1373.3606847346568,562.7760601076943,4200.265649442065,0.23840777864279228,0.0,110.80409773582458,764.6181504152069
