Weekdag,Aardgas,Ander,Nucleair,Olie,Steenkool,Water,Wind
Maandag,2294.707577570705,613.546609898643,4352.052392103973,0.6270932238025176,0.0,149.2898696256335,696.3443616151708
Dinsdag,2449.011431893004,618.6255018106996,4366.238028106996,0.6840555144032922,0.0,146.03323238683126,679.9492644444445
Woensdag,2474.907450367647,617.8152920343138,4370.821415073529,0.7389049836601307,0.0,142.02887091503268,691.1701497957516
Donderdag,2418.055721232429,611.7881283507683,4366.179304388689,0.5003257191892775,0.0,140.01667007191892,710.0865260706113
Vrijdag,2293.0701932097754,613.1813162210923,4367.858393718222,0.4138498851894374,0.0,140.8633878956864,710.2298213465639
Zaterdag,1669.5733634530716,602.6804191252108,4332.341967699461,0.09907336542813645,0.0,122.25550915524832,718.40334156277
Zondag,1495.2949850205762,597.4344661728395,4335.468541934157,0.21262189300411521,0.0,110.53436502057612,691.6382091358025
