Weekdag,Aardgas,Ander,Nucleair,Olie,Steenkool,Water,Wind
Maandag,2254.193220479303,599.6625193173566,4294.467471496006,0.5980409949164851,0.0,151.3600741466957,729.1675
Dinsdag,2423.8627753909104,605.2695583442934,4309.847184750841,0.629121145696332,0.0,148.92852561011253,694.6482655268157
Woensdag,2444.7842217772763,602.9967506279806,4314.912568677419,0.6847357748734938,0.0,145.1448159743711,716.4730331646583
Donderdag,2379.5398674584667,598.4105974934422,4310.879822537161,0.47563520110754887,0.0,143.09928202419118,748.0656885383271
Vrijdag,2253.3626263338692,599.9125650855138,4310.6201093041955,0.3900545241923695,0.0,143.92504092968863,747.8787787969595
Zaterdag,1634.8311038163474,590.8546397865185,4277.846922868841,0.08823760783740313,0.0,124.73158824389532,729.6121240678461
Zondag,1460.741864715768,585.8717292123338,4279.192139485605,0.2670747844512641,0.0,112.28615179745725,710.1090089507527
