Weekdag,Aardgas,Ander,Nucleair,Olie,Steenkool,Water,Wind
Maandag,2261.5694329566786,602.6130877470647,4311.136794508447,0.6062074054989142,0.0,151.3234861054879,729.595145165446
Dinsdag,2431.0612457759003,608.0402732696012,4325.2620474655405,0.6379107010523196,0.0,149.01591896398398,694.9414303023566
Woensdag,2447.850584805654,606.1007603062426,4327.47267826119,0.6923221068904594,0.0,145.10458189782096,718.2448755889282
Donderdag,2381.542776251841,600.9586054123711,4322.971269661267,0.48012282768777614,0.0,143.28412625184095,751.5528297864507
Vrijdag,2259.3754446373173,602.358808797459,4323.154182597134,0.38804202984192643,0.0,143.84115116708526,752.3188229058945
Zaterdag,1641.7567290897,592.9967123171273,4290.941243460913,0.08917644451012266,0.0,124.37481080981233,733.4439067164179
Zondag,1466.680612021858,587.9227410648353,4292.403983089647,0.26991474671392707,0.0,112.22398678186383,714.9910521341013
