Weekdag,Aardgas,Ander,Nucleair,Olie,Steenkool,Water,Wind
Maandag,2289.4966432477413,612.8371016008876,4362.626987597083,0.6201172135045173,0.0,150.14498724045015,709.8038927722301
Dinsdag,2440.3783417105474,617.8901770783469,4376.42009310675,0.6630983325355034,0.0,146.81204802936014,694.724070248923
Woensdag,2464.034460987009,617.0222656051965,4380.709393813371,0.7240302994296578,0.0,143.02907707541192,712.4551259505703
Donderdag,2417.559331147411,611.517601208219,4374.560710464608,0.5097322443464091,0.0,140.7236030364453,723.5507482611979
Vrijdag,2292.6530179569036,612.8002591380687,4376.64989772546,0.40668750997605746,0.0,141.97456241021547,721.6060097765363
Zaterdag,1666.6965794746925,601.2808011336421,4346.900804526585,0.09611128851987866,0.0,123.05005783969344,732.9883089174516
Zondag,1490.3859905457157,596.8822679112814,4348.219285184298,0.24952070368597415,0.0,111.59411022020105,707.0379792165311
