Weekdag,Aardgas,Ander,Nucleair,Olie,Steenkool,Water,Wind
Maandag,2124.944480334223,572.1629180963274,4197.072412949548,0.5472236624729953,0.0,150.53009321387722,766.4278702821197
Dinsdag,2293.079261498658,576.7589639708701,4210.551530471445,0.5624663983646353,0.0,147.9138570014054,744.2842287913633
Woensdag,2309.0193646786074,574.0357050940041,4210.024986979167,0.6028659489329269,0.0,143.59416098196138,764.3993034806911
Donderdag,2261.844056493217,572.0782189987899,4213.556148111586,0.44483832239984716,0.0,143.00159238265078,776.8145508566333
Vrijdag,2113.623877507987,573.2139468051118,4214.682326357827,0.3505096166134185,0.0,143.68965057507987,792.2128214696485
Zaterdag,1530.332761536495,564.8577846094848,4179.072939281606,0.10021369679151221,0.0,123.96903850824492,779.3023434424134
Zondag,1362.2926442123419,560.6039663664238,4180.023373993868,0.23475261913887824,0.0,111.20339858822027,765.7788300434394
