Weekdag,Aardgas,Ander,Nucleair,Olie,Steenkool,Water,Wind
Maandag,2301.0929688878746,608.9489110756124,4352.226988779857,0.6214121025406968,0.0,152.0066915411532,724.9403064810589
Dinsdag,2468.6107428384917,615.3302974425927,4367.594663658705,0.6506168881038323,0.0,147.6651827048614,690.2536486060978
Woensdag,2485.4396586920025,613.2342978479853,4369.576427197802,0.7160439560439561,0.0,144.09571211080586,718.5532420634921
Donderdag,2420.8360764122135,608.2425386259542,4365.028134083969,0.4895180534351145,0.0,141.8650140076336,744.8659906488549
Vrijdag,2290.2439384285494,609.3989393092356,4366.8060138612345,0.3990255398989125,0.0,143.1680521519375,747.7953172001838
Zaterdag,1672.2208222766967,598.8182718323885,4337.338502144936,0.09222383943618814,0.0,123.33972062203156,738.8028447985291
Zondag,1491.8616272775992,593.3966872990354,4338.550727032613,0.23943442811208082,0.0,112.32482081610779,720.5479739320166
