Weekdag,Aardgas,Ander,Nucleair,Olie,Steenkool,Water,Wind
Maandag,701.0528241042346,277.6909055374593,3961.566110749186,0.08394462540716613,0.0,155.11211074918566,1598.8710977198698
Dinsdag,763.3312638888889,297.37284027777775,3911.7059652777775,0.0,0.0,183.90197222222224,1595.8017708333332
Woensdag,618.9049618055556,291.1469895833333,3965.6478090277774,0.0,0.0,156.4602152777778,1971.1098888888891
Donderdag,930.7478260869565,301.97364285714286,3964.5186118012425,0.1380807453416149,0.0,186.12557763975155,1103.316695652174
Vrijdag,922.6970130208333,312.8705390625,3963.750794270833,0.36483072916666665,0.0,174.9169296875,1162.1704322916667
Zaterdag,539.0510807291666,305.1244453125,3961.6780885416665,0.0,0.0,127.22358333333334,1669.6249817708333
Zondag,474.03378906250003,291.8971614583333,3960.9884270833336,0.0,0.0,131.18920833333334,1688.2007734375
