Weekdag,Aardgas,Ander,Nucleair,Olie,Steenkool,Water,Wind
Maandag,2298.13290256935,608.2559059799909,4348.766926178566,0.6191513945732908,0.0,151.9192255570714,724.8036266105805
Dinsdag,2466.9164071700993,613.9894228451564,4361.070463577422,0.6536174675819985,0.0,148.42465503432496,690.4159955758962
Woensdag,2484.08423125,612.0422819318183,4362.486992765152,0.7110654545454546,0.0,144.56772037878787,717.6759145075757
Donderdag,2413.347503485905,606.9819069793876,4357.8955702864505,0.49273814034555924,0.0,142.28508169142165,749.8683030463777
Vrijdag,2283.137069598601,608.1150080963965,4359.6037297400035,0.39634327961076476,0.0,143.61420035730575,751.8091846206477
Zaterdag,1667.7038581454783,598.2643571346837,4333.435154212915,0.09207109890529046,0.0,123.52776812755083,741.2813963077392
Zondag,1489.0478995804729,592.8849043096873,4335.13223539283,0.2555045766590389,0.0,112.16186548436308,723.8251658657513
