Weekdag,Aardgas,Ander,Nucleair,Olie,Steenkool,Water,Wind
Maandag,2210.7155226769146,590.3286117573743,4247.2574340811525,0.5732985736047639,0.0,150.06627288464202,729.970407907492
Dinsdag,2378.067730150439,595.1700174118957,4261.515572015601,0.6059114779217161,0.0,147.34488058921855,695.279549623903
Woensdag,2398.1105486572537,593.1259373615725,4262.52663835825,0.6555448504983389,0.0,142.93571688122924,721.4779220653377
Donderdag,2345.1393304870007,589.9793843590544,4265.0743557221695,0.45500420007636505,0.0,140.92861866083516,738.7990403346176
Vrijdag,2215.866449073429,591.1583229413404,4266.280273826111,0.375692559565278,0.0,141.9081473108541,734.1835587292741
Zaterdag,1597.3399155749128,582.0619517770035,4230.678077317073,0.10906031358885017,0.0,123.92010519163763,730.9143391637631
Zondag,1426.1574548683661,577.2974612062961,4230.523594546594,0.2557382295584343,0.0,110.23134851650649,718.3856858893996
