Weekdag,Aardgas,Ander,Nucleair,Olie,Steenkool,Water,Wind
Maandag,2308.2217353609085,614.571556812652,4353.497283373885,0.6222107461476075,0.0,149.27067530413626,695.871747404704
Dinsdag,2452.4743849997953,618.7196706672675,4368.193023634948,0.680889239339696,0.0,145.70723860238397,680.8740043829107
Woensdag,2474.7054555735713,618.2404909805829,4375.196882975273,0.7406348196189704,0.0,142.40222841507904,693.7239051074179
Donderdag,2418.6817571764514,611.8280020677911,4370.62202371878,0.5016781949399935,0.0,140.27243747972753,712.529744161531
Vrijdag,2295.486988039056,613.2578975996745,4372.364309072416,0.41061720911310007,0.0,141.02169267697315,713.9429926362897
Zaterdag,1666.1900901839492,602.2881549731402,4339.0704916978675,0.09798876770307668,0.0,122.49745844864073,720.580133892235
Zondag,1493.2742140009764,597.6559967865278,4340.318686666124,0.2342609420761471,0.0,110.75433708916368,696.9039059550928
