Weekdag,Aardgas,Ander,Nucleair,Olie,Steenkool,Water,Wind
Maandag,2307.0726104697774,614.0637203383037,4355.901918831169,0.6272758537758538,0.0,149.49647310405643,700.6887624659291
Dinsdag,2458.184029015335,619.0557820823244,4369.786126150121,0.6708050443906376,0.0,146.3452447134786,682.0076437853107
Woensdag,2488.3939414010692,618.6526934608737,4372.601671516418,0.7347098991198102,0.0,142.46688609782564,691.6119111772035
Donderdag,2433.043397046991,612.2687545059543,4367.662850860959,0.515987005149662,0.0,140.40424485033796,710.880135782105
Vrijdag,2309.67801840788,613.8480329404166,4370.02840424673,0.40743464395284995,0.0,141.32991284514773,710.2755116663976
Zaterdag,1679.1479856242931,602.7708999757713,4339.9940811258275,0.09722904215797126,0.0,122.46624418510741,719.0144487562591
Zondag,1500.841257748184,598.2909876109766,4341.344881073446,0.2524207021791767,0.0,110.60341719128328,697.8948124697337
