Weekdag,Aardgas,Ander,Nucleair,Olie,Steenkool,Water,Wind
Maandag,2298.5291199626936,612.5178384175961,4365.233662145883,0.6086128317724323,0.0,150.89310507908132,710.9387224186843
Dinsdag,2461.912712580241,618.0342370048536,4378.361585329576,0.6506409895099421,0.0,147.7183554877094,689.4713518475027
Woensdag,2477.708902985075,616.0340162080224,4379.847753303793,0.7276408193407959,0.0,143.9275952658582,715.1244837142413
Donderdag,2424.6679711508555,610.7108710730948,4375.311507231727,0.49865369362363915,0.0,141.46225874805597,737.4470629860032
Vrijdag,2293.8750329614604,612.171623342175,4377.696882157903,0.4042574894679357,0.0,142.42373841472929,740.1464146512717
Zaterdag,1675.6809685500236,601.5369606680193,4348.639554588731,0.09395114718276885,0.0,122.73444708912128,735.7793299516155
Zondag,1492.8676483777883,596.2029799953206,4349.903630634846,0.2439161207299953,0.0,112.02944357354546,714.9535244111682
