WeekdayName,Coal Pulverized,Liquid Fuel,Natural Gas,Nuclear,Other,Water,Wind
Maandag,0.0,0.6345623242349049,2301.5201318444997,4346.234578494624,614.1250206782465,149.37134156327542,692.0523401571547
Dinsdag,0.0,0.6897343828085957,2469.37951382642,4360.112838705647,620.4220149092121,145.38215846243546,663.1624170414793
Woensdag,0.0,0.7502133466052839,2490.3308900916595,4363.098749450458,619.2731391066318,141.53941702957158,673.2570936502011
Donderdag,0.0,0.5022562271670541,2428.9309016937896,4358.015945325474,613.3129985469943,139.39248219030222,693.3164289687811
Vrijdag,0.0,0.4204703799366772,2298.1691594317613,4359.83295938177,613.5532126728879,140.71160989835028,706.5109518830194
Zaterdag,0.0,0.10033551425237539,1666.9806828221372,4329.064014669111,601.5431881563594,122.61845670111686,718.8811175612601
Zondag,0.0,0.21517208062635346,1496.0850307346327,4332.402349866733,597.6254790937865,110.24535019990005,688.9467177661169
