Weekdag,Aardgas,Ander,Nucleair,Olie,Steenkool,Water,Wind
Maandag,2224.957609474354,595.3201725307333,4276.859160166738,0.583782711600961,0.0,151.22004224954077,733.9448994277236
Dinsdag,2397.040840334044,600.4006186567165,4291.66358681592,0.6137767945984364,0.0,148.5575803837953,694.205892039801
Woensdag,2418.3033208333336,598.0878468926554,4293.613937676554,0.6663804025423729,0.0,144.10716221751412,718.5461566737289
Donderdag,2357.414613132241,593.920552981068,4290.781309939248,0.4622224851653009,0.0,142.3384678228313,744.8879765823679
Vrijdag,2227.395055527924,595.706320875373,4294.690585760977,0.38101836720193266,0.0,143.41659787551512,741.1191745772346
Zaterdag,1609.5129354288151,586.589935286588,4260.337112003982,0.10497557246479876,0.0,125.08698680841985,738.7907837789787
Zondag,1439.1736410092396,581.4925494314143,4260.3892740582805,0.259785749822317,0.0,111.3941840440654,723.0349906183369
