Weekdag,Aardgas,Ander,Nucleair,Olie,Steenkool,Water,Wind
Maandag,2296.8253160594127,613.4530984326276,4350.377898038733,0.6295633103561464,0.0,149.32701485311014,698.0002857377319
Dinsdag,2455.844368120972,618.9010960171872,4364.199223723352,0.6842630143777887,0.0,145.83530842009586,675.4061993472153
Woensdag,2484.3442291203814,618.8328766148276,4367.0509252447955,0.7441946021558463,0.0,141.9203074138073,682.4474535094215
Donderdag,2425.4251562602967,613.3003801894564,4361.914860914333,0.5003715815485997,0.0,139.70427409390444,699.541066350906
Vrijdag,2298.989175152918,614.1381825095057,4363.838237146636,0.41713386510166967,0.0,140.71657724417258,707.336568275748
Zaterdag,1665.547544774268,602.2531969985116,4333.3792215148005,0.09954440218290062,0.0,122.19318951546221,721.1223067223417
Zondag,1494.884145843662,597.2558262683854,4336.728263220955,0.2134652123615931,0.0,110.55641517930921,694.2181805073541
