Weekdag,Aardgas,Ander,Nucleair,Olie,Steenkool,Water,Wind
Maandag,2209.9851803051797,590.1731887131933,4246.17134960728,0.572997231929691,0.0,149.97800166084218,729.8960544271824
Dinsdag,2378.067730150439,595.1700174118957,4261.515572015601,0.6059114779217161,0.0,147.34488058921855,695.279549623903
Woensdag,2398.1105486572537,593.1259373615725,4262.52663835825,0.6555448504983389,0.0,142.93571688122924,721.4779220653377
Donderdag,2344.058772985323,589.126850595403,4259.981274750761,0.4539267169759069,0.0,141.0482140335087,739.337999688452
Vrijdag,2210.404436119983,590.1537336828218,4260.010245104846,0.3746437300374948,0.0,142.07083089154284,738.1834873975837
Zaterdag,1593.132552819836,581.1223108070566,4224.5641277608,0.10890009029031811,0.0,124.14543759549939,734.2735390679261
Zondag,1425.088481882549,576.4703545050673,4224.427559072608,0.25508937248368735,0.0,110.3365029154519,716.7913578717202
