Weekdag,Aardgas,Ander,Nucleair,Olie,Steenkool,Water,Wind
Maandag,2246.0506130156678,598.052497628288,4288.125697067701,0.5918516961333908,0.0,151.8024067126635,733.2659248598534
Dinsdag,2416.275949638467,603.177306977585,4303.177670065076,0.6227984092552422,0.0,149.31353510484453,695.4871594360086
Woensdag,2433.3345529454023,600.6623728089081,4305.103122198276,0.6776248922413793,0.0,145.1469369612069,721.6283617816092
Donderdag,2376.0220839321646,596.1563467591262,4302.294377874389,0.4699492311008911,0.0,143.19837931158378,743.9762543475138
Vrijdag,2242.235029659795,597.6120929796742,4302.449447816059,0.3864699798183653,0.0,143.80112314401038,745.0007212411706
Zaterdag,1621.4778598053354,588.2544376712328,4269.871231939438,0.08701614996395098,0.0,125.38764578226389,733.1534115356885
Zondag,1453.4325657438196,583.9922453375741,4271.514210315166,0.2642175437328322,0.0,111.95121230302153,714.011813213821
