Weekdag,Aardgas,Ander,Nucleair,Olie,Steenkool,Water,Wind
Maandag,2142.5563420984286,575.1783195688872,4222.20105099987,0.5572254252694455,0.0,150.46385323334633,768.8518752759383
Dinsdag,2311.742383129616,579.8963717236421,4236.522714556507,0.5712223674749983,0.0,147.7268706451402,738.874573501536
Woensdag,2335.602377408854,578.364568359375,4236.4032640625,0.6170109049479167,0.0,143.27947906901042,755.5269072916667
Donderdag,2295.481705098984,575.4647757879656,4235.797660035166,0.43622798905965093,0.0,142.36366192367805,761.2539559129981
Vrijdag,2147.2113316573073,576.7081474794305,4236.5282261656,0.35690652344260154,0.0,142.77078823298942,776.1445158025336
Zaterdag,1548.655025016329,568.0666126387982,4203.914561757021,0.10241303069888961,0.0,123.61040522534292,774.5543940235141
Zondag,1376.2117992231363,563.4711613134874,4204.945762403709,0.23990191278234757,0.0,111.08238415589503,766.8250073443008
