Weekdag,Aardgas,Ander,Nucleair,Olie,Steenkool,Water,Wind
Maandag,2139.1061596552167,573.7755612376174,4213.628696770874,0.5520639392769845,0.0,150.2132064196578,769.4868614434581
Dinsdag,2311.069458478851,578.2560626050964,4227.3845988552575,0.566198324925624,0.0,147.5461774026646,738.47339276937
Woensdag,2327.807994148662,575.8686044881688,4226.736217946245,0.6093934863683128,0.0,143.07625524048356,760.5176272826645
Donderdag,2278.313430151788,573.5944663943915,4226.0911205621305,0.43569475173655775,0.0,142.41766285052742,769.7188708193979
Vrijdag,2128.611215658455,574.8649688185218,4226.7346305946085,0.352487198503805,0.0,142.9201595188959,787.2161200503032
Zaterdag,1538.9938132821571,566.2901616888144,4191.8605710553475,0.10114459424590376,0.0,123.6783767578377,775.3545084505225
Zondag,1371.6768451122962,562.2314978187106,4195.6548073679105,0.23750638229116175,0.0,110.90689513653255,762.8134375181775
