Weekdag,Aardgas,Ander,Nucleair,Olie,Steenkool,Water,Wind
Maandag,2120.0594144178385,571.6564448878754,4192.003302958317,0.5455597364753579,0.0,150.63819944887877,770.0818138540478
Dinsdag,2288.6895778563244,576.2257156413197,4205.398004744618,0.5607469749076551,0.0,148.11277095274485,747.0580846388995
Woensdag,2308.3888830381516,573.9528322859138,4209.0616252777245,0.6025215197105314,0.0,143.5173934171269,764.3812901352123
Donderdag,2258.434949364676,571.7169086086404,4209.36687843075,0.44423875476493013,0.0,143.1661132147395,778.0230540343075
Vrijdag,2109.032229487833,572.7109980252261,4209.494277933494,0.34943785832590135,0.0,143.9417729647089,795.1200340170723
Zaterdag,1526.6627730979992,564.3654805021027,4173.869941028419,0.09990719383203772,0.0,124.09320753154073,780.9214113674016
Zondag,1359.3336648834543,560.1523079544007,4174.823278467711,0.2340349955419692,0.0,111.59614950324799,764.314322888804
