Weekdag,Aardgas,Ander,Nucleair,Olie,Steenkool,Water,Wind
Maandag,2267.820903030303,603.219651773836,4316.755746119734,0.6086492609016999,0.0,151.74226289726533,725.9038192535107
Dinsdag,2436.8138473151866,608.4878719693589,4328.485049940503,0.6401879369329169,0.0,148.71693135504984,692.5282415216421
Woensdag,2453.4794382387704,606.4262297946217,4329.963345153665,0.6947771498226951,0.0,145.2208217715721,715.965610409279
Donderdag,2390.6069110855788,602.3328606797377,4330.022966680257,0.48330810570401395,0.0,142.98219128275454,749.5073339757606
Vrijdag,2267.3264688290433,603.7156298541884,4331.234507439369,0.3908133462282399,0.0,143.71242523434012,749.0672271983335
Zaterdag,1647.7501702262243,593.9261009450811,4301.61842852359,0.08981351391576127,0.0,124.1318834648013,733.9855079997023
Zondag,1471.4825507957755,588.9599383831624,4303.17888349695,0.2718418488769894,0.0,111.98989911497844,713.2394181540978
