Weekdag,Aardgas,Ander,Nucleair,Olie,Steenkool,Water,Wind
Maandag,2300.75854767609,613.5879757227281,4358.189713544162,0.6248713464302827,0.0,149.7355933956237,704.844870787414
Dinsdag,2451.495123934716,618.5247882296189,4372.059280712333,0.6682163129120438,0.0,146.56623082489148,685.8946434716192
Woensdag,2477.993707375479,617.6308173690933,4376.525675846105,0.7295784243295019,0.0,142.6608430316092,700.1829224537037
Donderdag,2422.6173952810605,611.5230417598211,4372.053437160652,0.5120318189076972,0.0,140.58763530022358,718.1493141967422
Vrijdag,2298.1937805239545,613.0161141643968,4374.494814653101,0.4082514420765903,0.0,141.8448043983336,718.1671204133952
Zaterdag,1670.8307066036223,601.8523153550249,4344.63984476679,0.09648100657156597,0.0,122.75901550729283,727.0266544718704
Zondag,1496.949541295091,597.8446090624248,4344.118112035028,0.251264762593396,0.0,110.85358925845586,699.3422864947377
