Weekdag,Aardgas,Ander,Nucleair,Olie,Steenkool,Water,Wind
Maandag,2064.9512438128695,541.774942918729,4433.124909069136,0.5273028899888232,0.0,149.55449920166055,831.6354450343285
Dinsdag,2250.743789336645,544.3750213908028,4443.062998317577,0.5531576269828553,0.0,146.38031024675533,792.2891208940874
Woensdag,2279.193363545658,541.8332088521711,4440.679234155492,0.566652498403576,0.0,141.5752345545977,823.368926724138
Donderdag,2212.22705760939,538.9683934046631,4438.653019043436,0.4271586953050144,0.0,141.66348067709998,843.6580570903864
Vrijdag,2044.2689939330628,540.5654312346819,4442.668006468721,0.30270452810478526,0.0,141.75810900397767,877.9980609907991
Zaterdag,1471.1321255610771,535.0739875355697,4413.01181014789,0.1014478598909907,0.0,125.57665129047773,843.5944719650515
Zondag,1305.5822493591797,532.522307153156,4414.715455422941,0.2105440964434476,0.0,109.42791240788209,825.8758067526434
