WeekdayName,Coal Pulverized,Liquid Fuel,Natural Gas,Nuclear,Other,Water,Wind
Maandag,0.0,0.6338204518926129,2301.047565991329,4346.306144989161,613.7044578956145,149.43802913956978,685.3456548274137
Dinsdag,0.0,0.6952939546599496,2464.1211474811084,4359.242611083124,619.9229521830395,144.78350541561713,664.425044038623
Woensdag,0.0,0.7536830833333333,2488.3516632083333,4361.526351833333,618.8706865,141.427801625,669.6268779583334
Donderdag,0.0,0.5042659219739913,2426.5066224158054,4356.074424933311,612.9740903634545,139.1972703817939,693.5177700483495
Vrijdag,0.0,0.42361164274322166,2292.0474841349787,4359.736077898095,612.9356823218333,140.31450218248972,706.1906170150255
Zaterdag,0.0,0.10114480759536212,1663.34825499916,4328.960141236767,600.8404669803394,122.5034280793144,715.4156689211898
Zondag,0.0,0.21690646515533163,1495.8569975230898,4332.36414202351,597.4726859781697,110.28048421494543,686.5652374475231
