Weekdag,Aardgas,Ander,Nucleair,Olie,Steenkool,Water,Wind
Maandag,2312.591735272815,614.5547383309191,4353.766793054885,0.6296989377112506,0.0,149.53169028649606,694.3887479478514
Dinsdag,2462.4898753038406,619.6383806109221,4367.689955882353,0.67341391184573,0.0,146.21350303840546,679.4167523497002
Woensdag,2489.5137425997427,618.7382581241957,4372.22975466538,0.7352122345559845,0.0,142.56429150579152,691.9538784990348
Donderdag,2433.043397046991,612.2687545059543,4367.662850860959,0.515987005149662,0.0,140.40424485033796,710.880135782105
Vrijdag,2309.67801840788,613.8480329404166,4370.02840424673,0.40743464395284995,0.0,141.32991284514773,710.2755116663976
Zaterdag,1675.5769543042334,602.7071012355682,4338.114604739721,0.09754020660320033,0.0,122.41447534940247,718.6397104314361
Zondag,1500.685318060282,598.1871619267541,4339.0680634824175,0.23331712850429429,0.0,110.70421637497974,695.1697789256198
