Weekdag,Aardgas,Ander,Nucleair,Olie,Steenkool,Water,Wind
Maandag,2277.3300897722197,604.3359207607563,4327.2021048086945,0.6080901816287033,0.0,151.7933967545035,725.5445516599672
Dinsdag,2449.3298552434458,609.7807341947565,4339.077895018727,0.6447915355805244,0.0,149.03563595505616,693.4838847565544
Woensdag,2462.1056781622024,607.8775177083334,4340.510546614583,0.6997398437500001,0.0,144.8213845610119,720.2453512276786
Donderdag,2397.136473913367,603.0554551949986,4335.973410538851,0.48526853230128014,0.0,142.98888698273294,751.6024548228639
Vrijdag,2276.146525762001,604.8442377742829,4340.9643681944135,0.3934181831798098,0.0,143.7201107616266,747.7258775181607
Zaterdag,1655.2963963798531,594.787496027582,4311.942062059661,0.09045975116174486,0.0,123.7535316669165,731.1836765852196
Zondag,1477.5050097003746,589.8504391385768,4313.55903576779,0.25091123595505616,0.0,112.19928895131086,715.5811643445693
