Weekdag,Aardgas,Ander,Nucleair,Olie,Steenkool,Water,Wind
Maandag,2290.8492465011286,606.8855661023325,4342.726268284424,0.6146789691497366,0.0,152.11317231000754,728.269736192626
Dinsdag,2455.5308086475843,612.5186954793276,4354.819883613509,0.6512033166742389,0.0,149.06115258215962,696.3589969710738
Woensdag,2472.7946935920577,610.6706997593261,4356.166611913357,0.7073182536101084,0.0,144.97685454271962,724.8658658619133
Donderdag,2409.016280593185,606.2430034338328,4353.729421078449,0.4907114825855628,0.0,142.2247821591638,754.2170619599261
Vrijdag,2282.794249242539,607.2323049916679,4355.781779503106,0.39490224965914256,0.0,143.88374590971065,749.9512433722163
Zaterdag,1663.571573836945,596.9275694423397,4327.380210107592,0.09144673435368995,0.0,123.57614581754811,737.9304944309744
Zondag,1485.3687733605939,591.7754812963805,4329.097868771771,0.2536472058155384,0.0,112.1828741481145,719.7913879297289
