WeekdayName,Coal Pulverized,Liquid Fuel,Natural Gas,Nuclear,Other,Water,Wind
Maandag,0.0,0.6338204518926129,2301.047565991329,4346.306144989161,613.7044578956145,149.43802913956978,685.3456548274137
Dinsdag,0.0,0.6952939546599496,2464.1211474811084,4359.242611083124,619.9229521830395,144.78350541561713,664.425044038623
Woensdag,0.0,0.7536830833333333,2488.3516632083333,4361.526351833333,618.8706865,141.427801625,669.6268779583334
Donderdag,0.0,0.5060164791501108,2422.716453636706,4357.918419841901,612.6041696432305,139.00687732652978,695.3737380902589
Vrijdag,0.0,0.4238607004871493,2291.6170678229464,4360.060767512179,612.8727573912313,140.395282336637,706.3975415336805
Zaterdag,0.0,0.10114480759536212,1663.34825499916,4328.960141236767,600.8404669803394,122.5034280793144,715.4156689211898
Zondag,0.0,0.21690646515533163,1495.8569975230898,4332.36414202351,597.4726859781697,110.28048421494543,686.5652374475231
