Weekdag,Aardgas,Ander,Nucleair,Olie,Steenkool,Water,Wind
Maandag,2296.013037269487,612.2792479079499,4363.898892646831,0.6067501162250116,0.0,150.94629726483808,714.7082398496824
Dinsdag,2464.2502358056463,617.8670170020278,4376.702941740758,0.6482052721884262,0.0,147.72829527374824,687.6796973561068
Woensdag,2482.945240783767,615.610113925031,4378.186340342318,0.72493583488228,0.0,143.8888760842627,712.9203486679057
Donderdag,2430.8099498760457,610.5875006197707,4373.677914510381,0.4967993879764487,0.0,141.3002072745584,735.6362044468547
Vrijdag,2295.335645538629,612.1103611845173,4376.091348787502,0.404980219182341,0.0,142.06453913415203,740.7496076480646
Zaterdag,1674.1824819623698,601.5933626574405,4347.159950824133,0.09360052868916188,0.0,122.88003222671435,738.3706095863785
Zondag,1492.7159312991973,596.2103763151741,4349.627303288909,0.24374503156418048,0.0,111.97572328735095,715.1308699244018
