Weekdag,Aardgas,Ander,Nucleair,Olie,Steenkool,Water,Wind
Maandag,2230.7416592331765,596.4468416559966,4283.51333116375,0.5857891947645468,0.0,151.76857028026748,737.7343011452555
Dinsdag,2401.3673912623444,601.4967393373407,4298.498568162301,0.617497638471447,0.0,149.20712448117933,697.899992951195
Woensdag,2418.9155711746303,599.0363416879977,4300.441739583333,0.6706867534129693,0.0,144.70948713026166,722.5077350327076
Donderdag,2361.1519755334284,594.8941338904694,4297.549510241821,0.46513609530583216,0.0,142.91978435277383,746.6887910028449
Vrijdag,2234.970092287881,596.6848946916583,4299.019277614823,0.3835945414222349,0.0,143.98795822006008,743.291087101159
Zaterdag,1615.177775490477,587.5022830445367,4266.885060862093,0.08641801517972218,0.0,125.45677534727196,736.1489113919519
Zondag,1442.802955059396,582.3103013095749,4266.906917954773,0.2615704522684986,0.0,111.82741516387577,724.0021682052383
