Weekdag,Aardgas,Ander,Nucleair,Olie,Steenkool,Water,Wind
Maandag,2298.202251698317,612.2998163501621,4362.35642276517,0.6045018527095878,0.0,151.0125267870928,715.6213042303535
Dinsdag,2468.1233114996116,617.8828926961927,4375.09291045066,0.6457877233877234,0.0,147.77499335664336,686.4600360916861
Woensdag,2486.0594811728392,615.5563189429013,4376.577462075617,0.722250887345679,0.0,143.91489880401235,712.6416800925927
Donderdag,2431.2446474413564,610.5869498722614,4373.380077107688,0.49645323991638923,0.0,141.20580440504762,735.6445823720678
Vrijdag,2295.335645538629,612.1103611845173,4376.091348787502,0.404980219182341,0.0,142.06453913415203,740.7496076480646
Zaterdag,1674.1824819623698,601.5933626574405,4347.159950824133,0.09360052868916188,0.0,122.88003222671435,738.3706095863785
Zondag,1491.8711932400931,596.3094462703963,4348.42954988345,0.24300641025641023,0.0,111.89059285159284,718.4235601787102
