Weekdag,Aardgas,Ander,Nucleair,Olie,Steenkool,Water,Wind
Maandag,2301.0929688878746,608.9489110756124,4352.226988779857,0.6214121025406968,0.0,152.0066915411532,724.9403064810589
Dinsdag,2468.7168968381566,614.7205657250039,4364.62386188945,0.656019369162456,0.0,148.05959803246057,692.1904296815189
Woensdag,2485.131061703913,613.1466562428495,4369.068374037068,0.7156952940279154,0.0,144.02682762565783,718.6949695675387
Donderdag,2420.8360764122135,608.2425386259542,4365.028134083969,0.4895180534351145,0.0,141.8650140076336,744.8659906488549
Vrijdag,2290.2439384285494,609.3989393092356,4366.8060138612345,0.3990255398989125,0.0,143.1680521519375,747.7953172001838
Zaterdag,1672.2208222766967,598.8182718323885,4337.338502144936,0.09222383943618814,0.0,123.33972062203156,738.8028447985291
Zondag,1491.8616272775992,593.3966872990354,4338.550727032613,0.23943442811208082,0.0,112.32482081610779,720.5479739320166
