Weekdag,Aardgas,Ander,Nucleair,Olie,Steenkool,Water,Wind
Maandag,2150.119372696982,576.087329870639,4224.059976381811,0.5607203710963021,0.0,150.49133496667974,770.2224351561479
Dinsdag,2318.753897483905,580.7707023387202,4238.085119728025,0.5723787281566154,0.0,147.9615778150046,735.8774631126001
Woensdag,2338.976215680512,578.9734896486416,4239.049127416405,0.6189451084117032,0.0,143.38359753787879,751.6769682601881
Donderdag,2299.5496309119417,575.9478360334465,4236.790561830416,0.437595832244578,0.0,142.5597987326888,759.1600736542985
Vrijdag,2152.1979890279054,577.1274022337219,4237.518525645225,0.35802872396174507,0.0,142.82898811083453,775.5544628913926
Zaterdag,1552.4885362737693,568.7351538638379,4205.483000952412,0.10298817695162403,0.0,124.05102039475845,776.3731128444283
Zondag,1380.2002999605832,564.2144316121403,4206.708377217185,0.2414148929181448,0.0,111.25231490605702,765.9300634607805
