Weekdag,Aardgas,Ander,Nucleair,Olie,Steenkool,Water,Wind
Maandag,2204.0188665501164,587.9824109419992,4236.773802858906,0.5801774646921707,0.0,150.20358617852736,726.1602315233786
Dinsdag,2364.4975597503794,592.0368315059992,4252.295394187009,0.5998949800027582,0.0,147.5479911736312,701.9927693076817
Woensdag,2381.7735928591005,590.548229200932,4254.010198464912,0.6494851631030703,0.0,143.16027850877194,726.4619286595395
Donderdag,2334.0043622155194,586.7258148820948,4251.63868045654,0.4502777968193035,0.0,141.37074139703867,740.4013015149437
Vrijdag,2198.4427070278844,588.4532687760659,4252.50409537104,0.37194492124220174,0.0,142.11556347154723,743.784703443284
Zaterdag,1585.5349986201186,579.4324178625639,4217.497253001242,0.1081787981233614,0.0,124.72444711604803,740.7080617841866
Zondag,1419.0358740863328,574.892135498552,4218.673740311681,0.2534007378292649,0.0,110.79379389049785,717.2595160667495
