Weekdag,Aardgas,Ander,Nucleair,Olie,Steenkool,Water,Wind
Maandag,2126.9752447100063,572.6642728808158,4202.202722785213,0.5484199490121097,0.0,150.35481096239644,767.7719553537285
Dinsdag,2302.7953237835236,577.4510563995503,4218.850755419945,0.565591713505701,0.0,147.6306676088004,737.9855983940902
Woensdag,2320.2705758243865,574.7311210697852,4219.037401744632,0.6061092791411042,0.0,143.21789807004092,760.1837372827198
Donderdag,2268.457020295321,572.6566181603171,4218.396840961391,0.4450585208386602,0.0,142.83150383533624,772.7373709089748
Vrijdag,2118.7514703563643,573.8310321112679,4219.005217696449,0.35158796949109083,0.0,143.54391222279193,789.2395016985001
Zaterdag,1533.800567604821,565.319394601872,4184.329329849981,0.10052208616489294,0.0,123.84134927554814,776.231022182331
Zondag,1364.9807669165705,561.0310721837754,4185.126035755478,0.2354746571831347,0.0,111.09259467512496,764.1951723696014
