Weekdag,Aardgas,Ander,Nucleair,Olie,Steenkool,Water,Wind
Maandag,2296.8253160594127,613.4530984326276,4350.377898038733,0.6295633103561464,0.0,149.32701485311014,698.0002857377319
Dinsdag,2455.844368120972,618.9010960171872,4364.199223723352,0.6842630143777887,0.0,145.83530842009586,675.4061993472153
Woensdag,2481.553295398622,618.0997811269684,4368.7264432004595,0.7418140583989501,0.0,142.13111454232285,686.656046136811
Donderdag,2425.059682679685,612.4289133574007,4364.02018739744,0.5018091565474238,0.0,140.02444018706925,704.2752790859863
Vrijdag,2296.5155359789233,613.4222171085131,4365.647454635271,0.4154853861353532,0.0,140.7190447472419,709.2615927465833
Zaterdag,1666.3205481285631,602.3166848302074,4333.0990074361725,0.09947037924481535,0.0,122.10804032058167,720.624776543006
Zondag,1494.884145843662,597.2558262683854,4336.728263220955,0.2134652123615931,0.0,110.55641517930921,694.2181805073541
