Weekdag,Aardgas,Ander,Nucleair,Olie,Steenkool,Water,Wind
Maandag,2466.069168008048,615.2510785935883,3945.9818546255506,0.6382186944373889,0.0,129.58686451612903,759.0700585241731
Dinsdag,2634.2014723350258,617.8636021916411,4025.4948799384297,0.7554678899082569,0.0,132.55654343434344,777.5347814569536
Woensdag,2668.1210825898547,618.0559678001031,4092.9591277777777,0.6818325617283951,0.0,135.51595789201758,735.0189866013914
Donderdag,2646.0647385159014,610.4968088933299,4068.5802635,0.5165220863488894,0.0,135.53278006527742,751.9302242468416
Vrijdag,2506.3666658017646,613.4749629053177,4015.1585635345045,0.4056207077326343,0.0,130.2085448065173,723.1626897350142
Zaterdag,1797.9570715023233,604.0264480959833,3960.9935751821017,0.12251629726205998,0.0,109.8840544307126,791.4468016953507
Zondag,1620.9856957414058,599.5601024142312,3970.7620146191334,0.10637063989962359,0.0,99.06752567741935,771.5097335897436
