Weekdag,Aardgas,Ander,Nucleair,Olie,Steenkool,Water,Wind
Maandag,2299.3095678021086,614.0845683698296,4356.580492295215,0.6222107461476075,0.0,149.388101216545,696.7767642335767
Dinsdag,2448.6800610403398,619.047756696064,4370.681157439164,0.6786930017965049,0.0,146.13575187816429,681.6454089906908
Woensdag,2474.61101892834,618.2516983625162,4375.2425033641375,0.7405747811284047,0.0,142.39345269941634,693.74778125
Donderdag,2418.6817571764514,611.8280020677911,4370.62202371878,0.5016781949399935,0.0,140.27243747972753,712.529744161531
Vrijdag,2295.486988039056,613.2578975996745,4372.364309072416,0.41061720911310007,0.0,141.02169267697315,713.9429926362897
Zaterdag,1662.631564342288,602.5702323426145,4337.107584306361,0.09830080836123133,0.0,122.48404021392993,719.8260471135787
Zondag,1488.8915155969296,597.848044504328,4340.212599787686,0.2109603544014372,0.0,110.50878123468887,696.9032898497469
