Weekdag,Aardgas,Ander,Nucleair,Olie,Steenkool,Water,Wind
Maandag,2179.72284601431,581.9291787429877,4231.265274211428,0.5694340085323659,0.0,150.22185548725184,740.1984170781685
Dinsdag,2347.5727447599734,586.6244172413792,4245.9186478025695,0.5890972954699121,0.0,148.09515821501014,712.4786165652467
Woensdag,2365.998163776882,585.2711066196237,4246.873393581989,0.6369144825268818,0.0,143.508775,736.8434300403226
Donderdag,2318.975216321592,581.5723562785695,4244.626923568164,0.44877221699381553,0.0,142.27135426189838,748.1100712221028
Vrijdag,2178.264514527437,582.6521533301874,4245.45556539032,0.3684553390858838,0.0,142.71529546986653,754.1355824794391
Zaterdag,1569.0597000337154,573.5787308496292,4211.734690492245,0.10572781523937964,0.0,124.19459807821983,758.6339469656102
Zondag,1400.2293470481197,569.012658410837,4212.908111672732,0.24766258929774904,0.0,110.94962134384689,738.5124359751989
