Weekdag,Aardgas,Ander,Nucleair,Olie,Steenkool,Water,Wind
Maandag,2139.7964723624596,574.720557961165,4221.269231035599,0.5554942394822007,0.0,150.29581252427184,773.1186363430421
Dinsdag,2309.8697531888583,579.2545327346089,4235.159991800078,0.5697356826760379,0.0,147.83080717167775,739.7375712612261
Woensdag,2329.4545039466875,577.1241101513975,4234.472474767081,0.6131785390786749,0.0,143.01954897774328,759.7608284808489
Donderdag,2285.868156225731,574.6108408296661,4233.8361574553455,0.4335177970489257,0.0,142.36539266761582,768.0306519544396
Vrijdag,2138.599390622972,575.8678643737832,4234.516950940948,0.35468309539260223,0.0,142.8932374107722,781.2078931213497
Zaterdag,1543.5225315786058,567.2971864208749,4199.418178988705,0.10177486044398287,0.0,123.64649376866156,776.5148986758405
Zondag,1374.43688339349,563.0397344649302,4203.23356921276,0.23898920430527104,0.0,111.0192858908074,766.1525167625923
