Weekdag,Aardgas,Ander,Nucleair,Olie,Steenkool,Water,Wind
Maandag,2212.6279137140477,591.3453911699319,4251.94060292483,0.5750069473391691,0.0,149.9786730582187,731.2084926358204
Dinsdag,2384.3771353249476,596.2153427672956,4266.386265863033,0.6077392732354996,0.0,147.3286031446541,691.5890739692522
Woensdag,2404.907518976323,595.1119117688022,4272.698213544569,0.6591883008356546,0.0,143.02779763231197,719.6848300835654
Donderdag,2350.087549623641,591.1061133607471,4270.907692535545,0.4565557220518539,0.0,141.1668538472261,737.0263938179537
Vrijdag,2220.8669058786522,592.2960073395778,4271.025832482875,0.3767484272333287,0.0,142.1799645952747,733.5319295051028
Zaterdag,1599.9365437351419,583.2312644735002,4235.297204132289,0.10922161236190743,0.0,123.8684338204447,732.8641621801147
Zondag,1428.5561596436057,578.2897118798044,4235.164622711391,0.2563914395527603,0.0,110.34158661774981,719.3276708595388
