Weekdag,Aardgas,Ander,Nucleair,Olie,Steenkool,Water,Wind
Maandag,2307.0726104697774,614.0637203383037,4355.901918831169,0.6272758537758538,0.0,149.49647310405643,700.6887624659291
Dinsdag,2458.184029015335,619.0557820823244,4369.786126150121,0.6708050443906376,0.0,146.3452447134786,682.0076437853107
Woensdag,2485.5026552483973,618.2598235576924,4374.338291866987,0.7323844951923076,0.0,142.45003986378205,694.1982557692309
Donderdag,2429.833424174415,611.7759577188201,4369.829263706316,0.5140018034626482,0.0,140.41213546008336,712.1794420888104
Vrijdag,2305.0010343413223,613.2506961959144,4372.26656446035,0.4098274489303523,0.0,141.67390863760656,712.3493420057905
Zaterdag,1675.3978131134354,602.3339088897827,4342.350124899437,0.09685358004827033,0.0,122.65723889782782,721.2864936444087
Zondag,1500.2094368094201,598.229692152593,4341.784251471893,0.2522374788289378,0.0,110.52769029760464,698.4089012823615
