Weekdag,Aardgas,Ander,Nucleair,Olie,Steenkool,Water,Wind
Maandag,2249.458896689745,598.4815563608827,4288.4166083225155,0.5939005120438482,0.0,151.59444226885907,730.4734090220684
Dinsdag,2416.2955081991004,603.6324513133072,4303.360957299376,0.6249674938325351,0.0,149.23589791031782,697.6048534320128
Woensdag,2437.807953255486,601.612527638191,4308.61453345866,0.6799829001120712,0.0,144.98528755287228,719.9165776363834
Donderdag,2378.528689037627,597.1050806439941,4305.490388386396,0.4729032923299566,0.0,142.96980499276413,744.9858110347324
Vrijdag,2246.815310349833,598.5425895267817,4305.677822906082,0.3873377485847002,0.0,143.64855098708085,747.7784498838728
Zaterdag,1628.7836617540295,589.358640264266,4272.939749382896,0.08762262233192972,0.0,124.82214538260492,728.6477553724408
Zondag,1456.4805380206064,584.5316225874328,4274.01667519228,0.2652144463793354,0.0,112.02234019010304,709.3464813524888
