Weekdag,Aardgas,Ander,Nucleair,Olie,Steenkool,Water,Wind
Maandag,2259.1453909779916,600.4500194213672,4297.64284787203,0.6001329616673954,0.0,151.44050991109168,728.6951461157265
Dinsdag,2427.0374153834873,605.9551031309576,4313.058900828567,0.6313353864202962,0.0,149.16935188444054,696.214364716234
Woensdag,2445.0827464670742,603.0753376311189,4315.347956111596,0.685059986888112,0.0,145.20985281905595,716.6441457604896
Donderdag,2379.5398674584667,598.4105974934422,4310.879822537161,0.47563520110754887,0.0,143.09928202419118,748.0656885383271
Vrijdag,2255.01739511015,600.786574172501,4313.413750888897,0.3912412301601847,0.0,143.79139642974965,749.5274791613211
Zaterdag,1637.197011665444,591.6775415260455,4280.979172560528,0.0885483492296405,0.0,124.56622641232575,731.8752621423331
Zondag,1462.8666880774308,586.6763062765801,4282.41488938994,0.2680147748936794,0.0,112.01380777973309,711.5466784719167
