Weekdag,Aardgas,Ander,Nucleair,Olie,Steenkool,Water,Wind
Maandag,2260.4816434474183,601.2898788942518,4300.851344778412,0.6022396153283603,0.0,151.49472608600263,729.4874762688313
Dinsdag,2430.0830898959334,607.2914313233449,4319.208905675696,0.6354824710310724,0.0,149.0243890324009,696.5639653848992
Woensdag,2448.282110035211,605.4868973004694,4321.885540492958,0.6898843529929578,0.0,145.00218287852113,719.0864927743544
Donderdag,2380.8201056281187,600.2151529204579,4317.365181464632,0.47898572791312005,0.0,143.21916543146463,752.2321241194599
Vrijdag,2256.9667428602975,601.6364648903283,4317.09331377889,0.39281068747239806,0.0,143.86282091859266,752.2297058736935
Zaterdag,1638.0235961198646,592.4215962303048,4284.149409549404,0.08886128699749668,0.0,124.54536912825799,734.0145355985863
Zondag,1464.0951499632083,587.3730486754966,4285.603319242089,0.26896140544518027,0.0,112.3098304267844,713.3010427152317
