Weekdag,Aardgas,Ander,Nucleair,Olie,Steenkool,Water,Wind
Maandag,2290.8492465011286,606.8855661023325,4342.726268284424,0.6146789691497366,0.0,152.11317231000754,728.269736192626
Dinsdag,2460.2524851879984,613.1526526015952,4356.8693079377135,0.6532313710596277,0.0,148.72970459551843,694.5760486137485
Woensdag,2478.6920809178746,611.3580177762682,4358.639387001812,0.7084891304347827,0.0,144.75796014492752,721.7247779664855
Donderdag,2409.8313328677136,606.3298870431894,4354.0605562141345,0.49095231803080636,0.0,142.2945844155844,753.8326594306856
Vrijdag,2282.794249242539,607.2323049916679,4355.781779503106,0.39490224965914256,0.0,143.88374590971065,749.9512433722163
Zaterdag,1663.571573836945,596.9275694423397,4327.380210107592,0.09144673435368995,0.0,123.57614581754811,737.9304944309744
Zondag,1485.3687733605939,591.7754812963805,4329.097868771771,0.2536472058155384,0.0,112.1828741481145,719.7913879297289
