Weekdag,Aardgas,Ander,Nucleair,Olie,Steenkool,Water,Wind
Maandag,2139.7964723624596,574.720557961165,4221.269231035599,0.5554942394822007,0.0,150.29581252427184,773.1186363430421
Dinsdag,2309.8697531888583,579.2545327346089,4235.159991800078,0.5697356826760379,0.0,147.83080717167775,739.7375712612261
Woensdag,2329.4545039466875,577.1241101513975,4234.472474767081,0.6131785390786749,0.0,143.01954897774328,759.7608284808489
Donderdag,2289.2904014596174,574.9690804735646,4234.61712539734,0.43455835225429773,0.0,142.38916055789815,765.6343341550438
Vrijdag,2142.3305224580135,576.3337713188387,4235.554850442651,0.35579133576357247,0.0,143.0655516208827,779.3494768910299
Zaterdag,1545.6859025914832,567.6879720666753,4203.046571689022,0.10209294830055997,0.0,123.64528919781222,775.2079755827582
Zondag,1374.822967428088,563.1204300078094,4204.068444617988,0.2391525120395679,0.0,111.06777277756085,766.6551223480411
