Weekdag,Aardgas,Ander,Nucleair,Olie,Steenkool,Water,Wind
Maandag,2281.661039070671,605.0597741670402,4332.3615331316305,0.6102706932616166,0.0,151.9505536007769,726.7032630733602
Dinsdag,2451.295411141182,610.7020978800181,4344.317550819425,0.646916629078334,0.0,149.234815666817,693.7963164561721
Woensdag,2466.2229604614695,608.5967816980286,4345.727819071088,0.7022478718637993,0.0,144.93512850955793,722.2987181152927
Donderdag,2397.32280598297,603.9029124962653,4341.177670675232,0.48700836570062744,0.0,143.07581901703017,754.1530299895428
Vrijdag,2279.503547784584,605.6221689278063,4346.244657409147,0.39321458904881806,0.0,143.8504861513022,749.3997510240896
Zaterdag,1658.461705844742,595.4557279975929,4317.063636151647,0.0907863697908831,0.0,123.71316304347826,733.7525352414624
Zondag,1479.9827092542475,590.4569446323861,4318.732010111262,0.2518166441136671,0.0,112.21802447000451,718.0930528116072
