Weekdag,Aardgas,Ander,Nucleair,Olie,Steenkool,Water,Wind
Maandag,2292.48224338872,612.601173999532,4366.778798424214,0.6108680084249941,0.0,150.62354423121928,712.008354668851
Dinsdag,2455.7364250353608,617.9244350542198,4379.965922363665,0.6530940201162974,0.0,147.5022706270627,691.9444750903663
Woensdag,2475.78478417603,616.0003226045568,4381.440926693196,0.7303660658551809,0.0,143.89635475187268,715.6331830134208
Donderdag,2426.166089408367,610.7507564783016,4376.935487043397,0.5005218935373088,0.0,141.45064451295661,734.4516072432095
Vrijdag,2298.4972301487865,612.2378448707909,4379.3325441660145,0.40577701644479247,0.0,142.35789346123727,734.5263474549727
Zaterdag,1677.5893945636847,601.3646625019583,4350.168162658624,0.09430440231865894,0.0,122.7274290694031,729.9176500078333
Zondag,1493.4136530061062,596.5751012995146,4351.431918780335,0.24483266791921088,0.0,111.8100260685768,713.0416364490371
