Weekdag,Aardgas,Ander,Nucleair,Olie,Steenkool,Water,Wind
Maandag,2032.2652135566052,532.7619792475114,4359.49466277206,0.5586089927450649,0.0,152.88050717057533,863.8493722372194
Dinsdag,2217.658755049219,535.9235979718262,4373.621019772573,0.5905911405295315,0.0,149.6686549983028,836.7639440342838
Woensdag,2244.362997798103,534.274971925813,4372.213804623983,0.5962179454607046,0.0,145.27248492547426,858.6220798187669
Donderdag,2185.4886279384978,532.7188738193063,4369.386134609683,0.4386977423863781,0.0,146.4468853403363,878.196
Vrijdag,1986.9221484335308,531.5032864944963,4373.93129292972,0.2811507620660457,0.0,145.4113684165961,934.0958810330229
Zaterdag,1437.0262224716246,527.0371847365745,4335.85078646451,0.10720087243774351,0.0,129.82181530577674,878.7493986532271
Zondag,1275.042276032848,524.498459955977,4337.669420165933,0.2225222231628852,0.0,111.20851312224856,859.8762412800543
