Weekdag,Aardgas,Ander,Nucleair,Olie,Steenkool,Water,Wind
Maandag,2298.13290256935,608.2559059799909,4348.766926178566,0.6191513945732908,0.0,151.9192255570714,724.8036266105805
Dinsdag,2466.9164071700993,613.9894228451564,4361.070463577422,0.6536174675819985,0.0,148.42465503432496,690.4159955758962
Woensdag,2483.6352539423187,612.5914004255804,4365.592920279667,0.7133080518296159,0.0,144.10524600068396,719.8941169966182
Donderdag,2414.1207701551566,607.6935996729541,4361.515782438394,0.48872033769394585,0.0,142.23554658503195,749.9467171432918
Vrijdag,2284.501703723485,608.7983855867542,4363.288301808332,0.39779486494735233,0.0,143.48355798870745,753.0614388066534
Zaterdag,1668.0245398412458,598.346533201038,4333.9217690810565,0.09211677606472295,0.0,123.58904915280111,741.6368759731338
Zondag,1489.0478995804729,592.8849043096873,4335.13223539283,0.2555045766590389,0.0,112.16186548436308,723.8251658657513
