Weekdag,Aardgas,Ander,Nucleair,Olie,Steenkool,Water,Wind
Maandag,2110.642288229755,570.0263940364093,4183.973408505964,0.5406281230382926,0.0,151.04083596986817,765.7877751726303
Dinsdag,2281.24419290143,574.6312006832848,4200.597145356194,0.5583709350879413,0.0,147.92444204732382,744.1255225547261
Woensdag,2297.2835925226586,571.9824221739678,4200.331095166163,0.597401907099698,0.0,143.78266408610273,763.667587707704
Donderdag,2247.1809854885423,570.1096053261144,4199.807382649206,0.4412951712415009,0.0,143.54702455300932,776.3652702090153
Vrijdag,2097.3665309304383,571.0324800214619,4200.376639597273,0.3462615515717712,0.0,144.07614827673274,799.4574895846484
Zaterdag,1518.4229907500946,562.882583217578,4163.008192322263,0.09899883192322263,0.0,124.34746347392348,780.0076998674075
Zondag,1352.2469001325258,558.5942609491354,4164.76592206235,0.23190821027388617,0.0,110.99893708191341,767.3843163574404
