Weekdag,Aardgas,Ander,Nucleair,Olie,Steenkool,Water,Wind
Maandag,2235.6804955745897,596.946706067095,4285.060928265524,0.5877961812990721,0.0,152.00748329764454,736.9115749464668
Dinsdag,2411.314073558004,602.5540873838842,4301.392964139123,0.6213661697990926,0.0,148.98769917908834,694.4180209548499
Woensdag,2428.5149328465063,600.2753233462199,4303.591738724226,0.6752962843642613,0.0,145.1213955469645,720.7738736039519
Donderdag,2370.2594061873388,595.7394351188772,4300.741465267832,0.4683338226869092,0.0,142.89201847608135,747.8019089086222
Vrijdag,2238.0174387659818,597.1748448498779,4300.869750071829,0.38513751616147107,0.0,143.95655189627928,745.5310403318489
Zaterdag,1618.3206528955309,587.8276757077166,4268.369614527949,0.0867160511567754,0.0,125.47644715476362,735.6194418379077
Zondag,1446.3850962228926,582.6681649432716,4268.411932105414,0.2624720307338791,0.0,111.68632737325865,719.7265560462445
