Weekdag,Aardgas,Ander,Nucleair,Olie,Steenkool,Water,Wind
Maandag,2113.339458969099,571.5045153863396,4185.933977924662,0.5487325212373778,0.0,151.05885948823192,764.7117119258404
Dinsdag,2283.207147213697,575.8037153004229,4200.918032097488,0.5677954222164748,0.0,147.1668961739805,743.2258310810811
Woensdag,2298.155539162054,573.1885748551192,4201.023639546859,0.6040934041184042,0.0,143.16892502572017,758.9270988226211
Donderdag,2244.374201921532,570.9403509955042,4199.103343449915,0.4436538906009245,0.0,142.82685355272037,771.092912158045
Vrijdag,2095.350088290202,571.4549267695479,4199.609049779579,0.3516239789026822,0.0,144.30219403945802,793.6070085321486
Zaterdag,1515.9444243343553,562.9547121808099,4164.9205678554135,0.10124909595763916,0.0,124.24073225171757,785.196068549298
Zondag,1353.0285854964047,559.4762238767402,4169.060333871333,0.23309750508343285,0.0,111.74090621972485,763.514288016796
