Weekdag,Aardgas,Ander,Nucleair,Olie,Steenkool,Water,Wind
Maandag,1398.0345981209005,393.018353775257,3475.35641539553,0.26631319751992916,0.0,149.70747108903865,1020.1926654854714
Dinsdag,1621.9092374646893,395.97639265536725,3499.088024364407,0.17428478107344633,0.0,148.5732411723164,942.5745591454803
Woensdag,1616.5028871822035,387.97049717514125,3484.0926362994355,0.043794668079096044,0.0,140.14759410310734,961.7938727048023
Donderdag,1569.6799135957067,400.11247620751345,3508.228821466905,0.19671162790697674,0.0,147.7193257602862,931.4615983899821
Vrijdag,1321.9759664152298,400.55781788793104,3505.23187033046,0.10345581896551724,0.0,146.2093462643678,1031.1158633261496
Zaterdag,886.8131855244253,402.73869306752874,3444.941720545977,0.1307663433908046,0.0,129.33241612787356,998.7429795258621
Zondag,788.8752304238506,400.3512676005747,3443.3049928160917,0.19659662356321841,0.0,106.41706627155172,1001.8199040948275
