Weekdag,Aardgas,Ander,Nucleair,Olie,Steenkool,Water,Wind
Maandag,2298.97973513926,609.5050536436474,4355.116523922166,0.6160888210606639,0.0,151.60530373903092,725.6068458603586
Dinsdag,2468.582123213462,615.4655423005994,4368.10060600123,0.6509668433994161,0.0,147.74460842169972,690.4432029737205
Woensdag,2485.4396586920025,613.2342978479853,4369.576427197802,0.7160439560439561,0.0,144.09571211080586,718.5532420634921
Donderdag,2420.8360764122135,608.2425386259542,4365.028134083969,0.4895180534351145,0.0,141.8650140076336,744.8659906488549
Vrijdag,2290.2439384285494,609.3989393092356,4366.8060138612345,0.3990255398989125,0.0,143.1680521519375,747.7953172001838
Zaterdag,1672.2208222766967,598.8182718323885,4337.338502144936,0.09222383943618814,0.0,123.33972062203156,738.8028447985291
Zondag,1491.8616272775992,593.3966872990354,4338.550727032613,0.23943442811208082,0.0,112.32482081610779,720.5479739320166
