Weekdag,Aardgas,Ander,Nucleair,Olie,Steenkool,Water,Wind
Maandag,2225.9282669785907,595.7898105416135,4281.8256879342125,0.5837958670069474,0.0,151.4956092797391,736.2911215440238
Dinsdag,2396.705425509913,600.9543457424047,4296.713224967907,0.6153838254172016,0.0,148.87978045214663,695.9129920125516
Woensdag,2418.4995357612365,598.9060464380885,4300.129083140878,0.6702816486054362,0.0,144.63242796233789,722.0736879729969
Donderdag,2361.1519755334284,594.8941338904694,4297.549510241821,0.46513609530583216,0.0,142.91978435277383,746.6887910028449
Vrijdag,2231.630270509345,596.2855021044371,4297.581636538735,0.3824999643315737,0.0,143.82845270366673,743.1572382650877
Zaterdag,1611.7419612887113,587.1124980376767,4265.245103467961,0.08612202083630655,0.0,125.23243545739975,738.0508840802056
Zondag,1440.020546676651,581.9790313792612,4265.314491121096,0.2606750463557267,0.0,111.70518289117102,725.2513692768506
