Weekdag,Aardgas,Ander,Nucleair,Olie,Steenkool,Water,Wind
Maandag,2215.32636288861,592.2567479088248,4256.638848145824,0.5767258120730517,0.0,150.135298341001,731.5609920186811
Dinsdag,2392.251055686412,598.2954367375637,4275.139836386008,0.6106455264545615,0.0,147.66571274389173,689.2941355598524
Woensdag,2411.7915084941274,596.2161969029642,4278.305114583333,0.6603326342281879,0.0,143.2439719309284,715.1198731473713
Donderdag,2352.6762696503497,592.0591541958041,4275.698317447553,0.45780625874125874,0.0,141.37216986013988,738.1042662937062
Vrijdag,2224.3619676322064,593.146958339178,4275.815287908543,0.3777339739093842,0.0,142.4701669939683,733.6262911698694
Zaterdag,1603.3167257962675,584.0547290585099,4239.94989529255,0.1083885225199944,0.0,124.08843664936157,732.9011911393294
Zondag,1431.8157469499367,579.0951893493199,4240.214667753471,0.2570490464170523,0.0,110.53068223250597,716.8829572991165
