Weekdag,Aardgas,Ander,Nucleair,Olie,Steenkool,Water,Wind
Maandag,2225.9282669785907,595.7898105416135,4281.8256879342125,0.5837958670069474,0.0,151.4956092797391,736.2911215440238
Dinsdag,2396.705425509913,600.9543457424047,4296.713224967907,0.6153838254172016,0.0,148.87978045214663,695.9129920125516
Woensdag,2417.343607107426,598.5271871102608,4298.63491468254,0.668405505952381,0.0,144.42436405187075,720.8307363591271
Donderdag,2356.6071674936206,594.3692873901332,4295.7912111922315,0.4635535511766374,0.0,142.65899004111142,746.2689178125886
Vrijdag,2227.149219785298,595.7977815654771,4295.527759881985,0.3811946893217688,0.0,143.48679496658607,741.5095818640693
Zaterdag,1611.0930840791584,587.0114855410947,4264.405671100018,0.08606981636655375,0.0,125.1582554109467,738.1223349260118
Zondag,1440.020546676651,581.9790313792612,4265.314491121096,0.2606750463557267,0.0,111.70518289117102,725.2513692768506
