Weekdag,Aardgas,Ander,Nucleair,Olie,Steenkool,Water,Wind
Maandag,2299.065415852818,614.0895619402683,4356.330071726709,0.6217821047939377,0.0,149.28695607245612,696.8143139360537
Dinsdag,2448.6800610403398,619.047756696064,4370.681157439164,0.6786930017965049,0.0,146.13575187816429,681.6454089906908
Woensdag,2474.61101892834,618.2516983625162,4375.2425033641375,0.7405747811284047,0.0,142.39345269941634,693.74778125
Donderdag,2418.6817571764514,611.8280020677911,4370.62202371878,0.5016781949399935,0.0,140.27243747972753,712.529744161531
Vrijdag,2295.486988039056,613.2578975996745,4372.364309072416,0.41061720911310007,0.0,141.02169267697315,713.9429926362897
Zaterdag,1666.1900901839492,602.2881549731402,4339.0704916978675,0.09798876770307668,0.0,122.49745844864073,720.580133892235
Zondag,1493.217888278835,597.6737178705059,4340.417936107044,0.23422283227590696,0.0,110.76860106556043,696.9496060680007
