Weekdag,Aardgas,Ander,Nucleair,Olie,Steenkool,Water,Wind
Maandag,2124.944480334223,572.1629180963274,4197.072412949548,0.5472236624729953,0.0,150.53009321387722,766.4278702821197
Dinsdag,2293.079261498658,576.7589639708701,4210.551530471445,0.5624663983646353,0.0,147.9138570014054,744.2842287913633
Woensdag,2309.0193646786074,574.0357050940041,4210.024986979167,0.6028659489329269,0.0,143.59416098196138,764.3993034806911
Donderdag,2258.434949364676,571.7169086086404,4209.36687843075,0.44423875476493013,0.0,143.1661132147395,778.0230540343075
Vrijdag,2112.6660868773947,573.1033076947637,4213.601641570881,0.35028579182630903,0.0,143.59809827586207,792.7154649425287
Zaterdag,1530.332761536495,564.8577846094848,4179.072939281606,0.10021369679151221,0.0,123.96903850824492,779.3023434424134
Zondag,1362.2926442123419,560.6039663664238,4180.023373993868,0.23475261913887824,0.0,111.20339858822027,765.7788300434394
