Weekdag,Aardgas,Ander,Nucleair,Olie,Steenkool,Water,Wind
Maandag,2219.5627911089364,593.0454457414462,4260.568382693182,0.578086219550554,0.0,150.2882903575298,728.1722219969944
Dinsdag,2393.3685155832277,598.4610434782609,4275.996092479246,0.6109604615168144,0.0,147.7513761080625,688.4157589700295
Woensdag,2411.7915084941274,596.2161969029642,4278.305114583333,0.6603326342281879,0.0,143.2439719309284,715.1198731473713
Donderdag,2352.6762696503497,592.0591541958041,4275.698317447553,0.45780625874125874,0.0,141.37216986013988,738.1042662937062
Vrijdag,2224.3619676322064,593.146958339178,4275.815287908543,0.3777339739093842,0.0,142.4701669939683,733.6262911698694
Zaterdag,1603.3167257962675,584.0547290585099,4239.94989529255,0.1083885225199944,0.0,124.08843664936157,732.9011911393294
Zondag,1431.8157469499367,579.0951893493199,4240.214667753471,0.2570490464170523,0.0,110.53068223250597,716.8829572991165
