Weekdag,Aardgas,Ander,Nucleair,Olie,Steenkool,Water,Wind
Maandag,2248.512057253427,598.9111991753771,4291.148214872147,0.5956833520199645,0.0,151.46277753264133,732.2843929617708
Dinsdag,2419.4859675258485,604.2279855832242,4306.752355795836,0.626922382408621,0.0,149.1757382044561,695.0956930974224
Woensdag,2438.4744890407983,601.6897793330439,4309.058304144965,0.6803026258680556,0.0,145.0503607494213,719.3725817057291
Donderdag,2378.528689037627,597.1050806439941,4305.490388386396,0.4729032923299566,0.0,142.96980499276413,744.9858110347324
Vrijdag,2246.815310349833,598.5425895267817,4305.677822906082,0.3873377485847002,0.0,143.64855098708085,747.7784498838728
Zaterdag,1628.7836617540295,589.358640264266,4272.939749382896,0.08762262233192972,0.0,124.82214538260492,728.6477553724408
Zondag,1456.4805380206064,584.5316225874328,4274.01667519228,0.2652144463793354,0.0,112.02234019010304,709.3464813524888
