Weekdag,Aardgas,Ander,Nucleair,Olie,Steenkool,Water,Wind
Maandag,2142.5563420984286,575.1783195688872,4222.20105099987,0.5572254252694455,0.0,150.46385323334633,768.8518752759383
Dinsdag,2309.801991154198,579.7242164447056,4236.135558787048,0.5705138399268833,0.0,147.7608487400444,740.5201039952997
Woensdag,2329.817236305815,577.9568144470404,4235.452063278816,0.615088752596054,0.0,143.13138100337488,759.1060238836968
Donderdag,2290.4279657556476,575.1037711308751,4234.844820468709,0.4348686704752012,0.0,142.48586568423787,764.6531064983121
Vrijdag,2145.9469684176183,576.6166548776508,4236.312234388254,0.3566503425774878,0.0,142.67328137030995,777.0961336052203
Zaterdag,1548.655025016329,568.0666126387982,4203.914561757021,0.10241303069888961,0.0,123.61040522534292,774.5543940235141
Zondag,1376.2117992231363,563.4711613134874,4204.945762403709,0.23990191278234757,0.0,111.08238415589503,766.8250073443008
