Weekdag,Aardgas,Ander,Nucleair,Olie,Steenkool,Water,Wind
Maandag,2115.7524062361927,570.9650895032507,4189.451432304488,0.5435969197752951,0.0,150.99464034589408,769.545045572177
Dinsdag,2286.30394984127,575.4711152063493,4203.223940539683,0.5590380317460317,0.0,148.06086028571428,746.1717306984127
Woensdag,2302.7527572601007,572.587295138889,4202.742235921717,0.5992122159090909,0.0,143.90763446969697,764.8069362373736
Donderdag,2252.436866790856,570.6015344784037,4202.074861107603,0.44263276711290733,0.0,143.4681767807527,776.7480612212679
Vrijdag,2101.5290792072938,571.4992159364315,4202.648187096365,0.3473138850196277,0.0,144.18918595669243,796.569877326833
Zaterdag,1520.3877843255225,563.3205183027231,4168.264762982901,0.09929977834072198,0.0,124.3348553831539,782.075834768841
Zondag,1354.0658201354602,558.9622323395366,4170.05104696797,0.23261283073806813,0.0,111.07523588428914,769.6769225534879
