,DOSE,Vaccinatiegraad
0,18+ met minstens eerste dosis,90.55186513879924
1,18+ volledig gevaccineerd,89.3817990998446
2,18+ met boosterprik,76.34079196018602
3,18+ die nog geen prik kreeg,9.448134861200767
4,18+ met 2de boosterprik,41.82206297072871
5,18+ met 3de boosterprik,5.325306096766113
