,DOSE,Vaccinatiegraad
0,18+ met minstens eerste dosis,90.51084105417543
1,18+ volledig gevaccineerd,89.34539440701742
2,18+ met boosterprik,76.2332184133706
3,18+ die nog geen prik kreeg,9.489158945824572
4,18+ met 2de boosterprik,39.058058523592734
5,18+ met 3de boosterprik,4.795468333475621
