,DOSE,Vaccinatiegraad
0,18+ met minstens eerste dosis,90.51424084019398
1,18+ volledig gevaccineerd,89.34895608760827
2,18+ met boosterprik,76.2520413556447
3,18+ die nog geen prik kreeg,9.485759159806024
4,18+ met 2de boosterprik,39.91164225962083
5,18+ met 3de boosterprik,4.887143833290035
