,DOSE,Vaccinatiegraad
0,18+ met minstens eerste dosis,90.54788253232037
1,18+ volledig gevaccineerd,89.377999973881
2,18+ met boosterprik,76.3351256501551
3,18+ die nog geen prik kreeg,9.452117467679637
4,18+ met 2de boosterprik,41.792393092109705
5,18+ met 3de boosterprik,5.30812368615809
