,DOSE,Vaccinatiegraad
0,18+ met minstens eerste dosis,90.5373593851201
1,18+ volledig gevaccineerd,89.37050965166871
2,18+ met boosterprik,76.31816989194833
3,18+ die nog geen prik kreeg,9.462640614879902
4,18+ met 2de boosterprik,41.60401256776772
5,18+ met 3de boosterprik,5.225665383993959
