,DOSE,Vaccinatiegraad
0,18+ met minstens eerste dosis,90.53479065790609
1,18+ volledig gevaccineerd,89.36856691680097
2,18+ met boosterprik,76.313712394724
3,18+ die nog geen prik kreeg,9.465209342093917
4,18+ met 2de boosterprik,41.53877984809756
5,18+ met 3de boosterprik,5.209108965732208
