,DOSE,Vaccinatiegraad
0,18+ met minstens eerste dosis,90.5546389324715
1,18+ volledig gevaccineerd,89.38434624111564
2,18+ met boosterprik,76.34412698837565
3,18+ die nog geen prik kreeg,9.445361067528493
4,18+ met 2de boosterprik,41.83451805982523
5,18+ met 3de boosterprik,5.332688489263529
