,DOSE,Vaccinatiegraad
0,18+ met minstens eerste dosis,90.55896691403798
1,18+ volledig gevaccineerd,89.38856629296723
2,18+ met boosterprik,76.34944792331896
3,18+ die nog geen prik kreeg,9.441033085962026
4,18+ met 2de boosterprik,41.84579671502961
5,18+ met 3de boosterprik,5.346492699795981
