,DOSE,Vaccinatiegraad
0,18+ met minstens eerste dosis,90.55294443594798
1,18+ volledig gevaccineerd,89.382738088364
2,18+ met boosterprik,76.34170936276246
3,18+ die nog geen prik kreeg,9.447055564052024
4,18+ met 2de boosterprik,41.82660681172493
5,18+ met 3de boosterprik,5.3278208591226885
