,DOSE,Vaccinatiegraad
0,18+ met minstens eerste dosis,90.51590295780304
1,18+ volledig gevaccineerd,89.35062899818882
2,18+ met boosterprik,76.25924026762684
3,18+ die nog geen prik kreeg,9.484097042196957
4,18+ met 2de boosterprik,40.17837975696171
5,18+ met 3de boosterprik,4.922944119713913
