,DOSE,Vaccinatiegraad
0,18+ met minstens eerste dosis,90.5536136001802
1,18+ volledig gevaccineerd,89.38336408071027
2,18+ met boosterprik,76.34258359345294
3,18+ die nog geen prik kreeg,9.4463863998198
4,18+ met 2de boosterprik,41.83054624631784
5,18+ met 3de boosterprik,5.330421965251165
