,DOSE,Vaccinatiegraad
0,18+ met minstens eerste dosis,90.5198100134815
1,18+ volledig gevaccineerd,89.3554642494152
2,18+ met boosterprik,76.27265593118574
3,18+ die nog geen prik kreeg,9.480189986518498
4,18+ met 2de boosterprik,40.630119578569
5,18+ met 3de boosterprik,4.9872918157221005
