,DOSE,Vaccinatiegraad
0,18+ met minstens eerste dosis,90.55907484375285
1,18+ volledig gevaccineerd,89.38860946485318
2,18+ met boosterprik,76.34955585303383
3,18+ die nog geen prik kreeg,9.44092515624715
4,18+ met 2de boosterprik,41.8459801955449
5,18+ met 3de boosterprik,5.346589836539368
