,DOSE,Vaccinatiegraad
0,E4+,112297.0
1,18+ met minstens eerste dosis,91.77055351430484
2,18+ volledig gevaccineerd,90.58028303272569
3,18+ met boosterprik,76.87044624296124
4,18+ die nog geen prik kreeg,8.229446485695158
5,18+ met 2de boosterprik,42.21769013357274
6,18+ met 3de boosterprik,8.291495278776518
