,DOSE,Vaccinatiegraad
0,18+ met minstens eerste dosis,91.74372218718703
1,18+ volledig gevaccineerd,90.55827616386279
2,18+ met boosterprik,76.8585092164961
3,18+ die nog geen prik kreeg,8.256277812812963
4,18+ met 2de boosterprik,41.959889216623466
5,18+ met 3de boosterprik,5.353831920407448
