,DOSE,Vaccinatiegraad
0,18+ met minstens eerste dosis,90.5418276753159
1,18+ volledig gevaccineerd,89.37332661722695
2,18+ met boosterprik,76.326199862735
3,18+ die nog geen prik kreeg,9.458172324684098
4,18+ met 2de boosterprik,41.710107477489366
5,18+ met 3de boosterprik,5.2705641453817575
