,DOSE,Vaccinatiegraad
0,18+ met minstens eerste dosis,90.52099724034512
1,18+ volledig gevaccineerd,89.35644640982056
2,18+ met boosterprik,76.276735674408
3,18+ die nog geen prik kreeg,9.479002759654879
4,18+ met 2de boosterprik,40.715697049493
5,18+ met 3de boosterprik,5.004431054444174
