,DOSE,Vaccinatiegraad
0,18+ met minstens eerste dosis,91.74957197773324
1,18+ volledig gevaccineerd,90.56293872754536
2,18+ met boosterprik,76.8616931430849
3,18+ die nog geen prik kreeg,8.250428022266764
4,18+ met 2de boosterprik,41.99735162065641
5,18+ met 3de boosterprik,6.047215580647296
