,DOSE,Vaccinatiegraad
0,18+ met minstens eerste dosis,90.50051218046194
1,18+ volledig gevaccineerd,89.33674923685598
2,18+ met boosterprik,76.16248127824183
3,18+ die nog geen prik kreeg,9.499487819538063
4,18+ met 2de boosterprik,34.218079975702864
5,18+ met 3de boosterprik,4.23352148000996
