,DOSE,Vaccinatiegraad
0,18+ met minstens eerste dosis,90.49088484989512
1,18+ volledig gevaccineerd,89.32721904303254
2,18+ met boosterprik,76.09463665947172
3,18+ die nog geen prik kreeg,9.50911515010487
4,18+ met 2de boosterprik,28.013243839452823
5,18+ met 3de boosterprik,3.4609713739096533
