,DOSE,Vaccinatiegraad
0,18+ met minstens eerste dosis,90.55874026163674
1,18+ volledig gevaccineerd,89.38831805462301
2,18+ met boosterprik,76.34908096228838
3,18+ die nog geen prik kreeg,9.44125973836326
4,18+ met 2de boosterprik,41.84522468754078
5,18+ met 3de boosterprik,5.345909879335657
