,DOSE,Vaccinatiegraad
0,18+ met minstens eerste dosis,90.54380278909811
1,18+ volledig gevaccineerd,89.37450305111906
2,18+ met boosterprik,76.32931903149486
3,18+ die nog geen prik kreeg,9.456197210901895
4,18+ met 2de boosterprik,41.7437167907013
5,18+ met 3de boosterprik,5.284735316944782
