,DOSE,Vaccinatiegraad
0,18+ met minstens eerste dosis,90.51793203644269
1,18+ volledig gevaccineerd,89.35276600654335
2,18+ met boosterprik,76.26466913228502
3,18+ die nog geen prik kreeg,9.482067963557315
4,18+ met 2de boosterprik,40.35549241907079
5,18+ met 3de boosterprik,4.947811126021002
