,DOSE,Vaccinatiegraad
0,18+ met minstens eerste dosis,90.51266506635682
1,18+ volledig gevaccineerd,89.3472184191988
2,18+ met boosterprik,76.24478847880513
3,18+ die nog geen prik kreeg,9.487334933643192
4,18+ met 2de boosterprik,39.57163127885164
5,18+ met 3de boosterprik,4.845601686034834
