,DOSE,Vaccinatiegraad
0,E4+,197297.0
1,18+ met minstens eerste dosis,91.77166519036804
2,18+ volledig gevaccineerd,90.59401169245773
3,18+ met boosterprik,76.8719356730265
4,18+ die nog geen prik kreeg,8.22833480963195
5,18+ met 2de boosterprik,42.38026466308822
6,18+ met 3de boosterprik,11.276151235001953
