,DOSE,Vaccinatiegraad
0,18+ met minstens eerste dosis,91.74336601912795
1,18+ volledig gevaccineerd,90.55798475363261
2,18+ met boosterprik,76.85802353277917
3,18+ die nog geen prik kreeg,8.256633980872047
4,18+ met 2de boosterprik,41.95890705621811
5,18+ met 3de boosterprik,5.3500004155294025
