,DOSE,Vaccinatiegraad
0,18+ met minstens eerste dosis,90.54908055215547
1,18+ volledig gevaccineerd,89.37942464611736
2,18+ met boosterprik,76.33680935370715
3,18+ die nog geen prik kreeg,9.45091944784453
4,18+ met 2de boosterprik,41.80103826227115
5,18+ met 3de boosterprik,5.313466207044378
