,DOSE,Vaccinatiegraad
0,18+ met minstens eerste dosis,90.52541156568348
1,18+ volledig gevaccineerd,89.36127086807547
2,18+ met boosterprik,76.2926445143805
3,18+ die nog geen prik kreeg,9.474588434316512
4,18+ met 2de boosterprik,41.11314822451841
5,18+ met 3de boosterprik,5.091508748404934
