,DOSE,Vaccinatiegraad
0,18+ met minstens eerste dosis,90.55668959705412
1,18+ volledig gevaccineerd,89.38620263221148
2,18+ met boosterprik,76.34679285233304
3,18+ die nog geen prik kreeg,9.443310402945878
4,18+ met 2de boosterprik,41.84058370980117
5,18+ met 3de boosterprik,5.339779471530785
