,DOSE,Vaccinatiegraad
0,18+ met minstens eerste dosis,91.74346315587134
1,18+ volledig gevaccineerd,90.55804951146155
2,18+ met boosterprik,76.85818542735149
3,18+ die nog geen prik kreeg,8.256536844128663
4,18+ met 2de boosterprik,41.95914450159083
5,18+ met 3de boosterprik,5.350378169531464
