,DOSE,Vaccinatiegraad
0,18+ met minstens eerste dosis,90.5558369523066
1,18+ volledig gevaccineerd,89.38533919449247
2,18+ met boosterprik,76.34577831301323
3,18+ die nog geen prik kreeg,9.444163047693385
4,18+ met 2de boosterprik,41.838533045218554
5,18+ met 3de boosterprik,5.33704884974446
