,DOSE,Vaccinatiegraad
0,18+ met minstens eerste dosis,90.53994969827708
1,18+ volledig gevaccineerd,89.37193432390505
2,18+ met boosterprik,76.3224870805433
3,18+ die nog geen prik kreeg,9.460050301722914
4,18+ met 2de boosterprik,41.66703272828295
5,18+ met 3de boosterprik,5.251147589675832
