,DOSE,Vaccinatiegraad
0,18+ met minstens eerste dosis,91.7435818785577
1,18+ volledig gevaccineerd,90.55823299197682
2,18+ met boosterprik,76.85844445866718
3,18+ die nog geen prik kreeg,8.2564181214423
4,18+ met 2de boosterprik,41.9595114626214
5,18+ met 3de boosterprik,5.351187642393022
