,DOSE,Vaccinatiegraad
0,18+ met minstens eerste dosis,90.55893453512351
1,18+ volledig gevaccineerd,89.38844757028086
2,18+ met boosterprik,76.3492428568607
3,18+ die nog geen prik kreeg,9.441065464876488
4,18+ met 2de boosterprik,41.84560244154284
5,18+ met 3de boosterprik,5.346276840366231
