,DOSE,Vaccinatiegraad
0,18+ met minstens eerste dosis,90.5579092028322
1,18+ volledig gevaccineerd,89.38742223798955
2,18+ met boosterprik,76.34781818462434
3,18+ die nog geen prik kreeg,9.442090797167795
4,18+ met 2de boosterprik,41.84275309707015
5,18+ met 3de boosterprik,5.3432656013212325
