,DOSE,Vaccinatiegraad
0,18+ met minstens eerste dosis,91.7436682223296
1,18+ volledig gevaccineerd,90.55824378494832
2,18+ met boosterprik,76.85853080243909
3,18+ die nog geen prik kreeg,8.2563317776704
4,18+ met 2de boosterprik,41.95969494313669
5,18+ met 3de boosterprik,5.3521590098268925
