,DOSE,Vaccinatiegraad
0,18+ met minstens eerste dosis,90.55630105008058
1,18+ volledig gevaccineerd,89.38571694849455
2,18+ met boosterprik,76.34626399673016
3,18+ die nog geen prik kreeg,9.443698949919426
4,18+ met 2de boosterprik,41.83947203373797
5,18+ met 3de boosterprik,5.33827924849403
