,DOSE,Vaccinatiegraad
0,18+ met minstens eerste dosis,90.5551677880744
1,18+ volledig gevaccineerd,89.3848103388896
2,18+ met boosterprik,76.3450228050091
3,18+ die nog geen prik kreeg,9.444832211925608
4,18+ met 2de boosterprik,41.83675220492313
5,18+ met 3de boosterprik,5.3352356305345685
