,DOSE,Vaccinatiegraad
0,18+ met minstens eerste dosis,90.55840567952063
1,18+ volledig gevaccineerd,89.38796188656393
2,18+ met boosterprik,76.3486276574859
3,18+ die nog geen prik kreeg,9.441594320479373
4,18+ met 2de boosterprik,41.84427490604988
5,18+ met 3de boosterprik,5.344733445443526
