,DOSE,Vaccinatiegraad
0,18+ met minstens eerste dosis,90.52211970937981
1,18+ volledig gevaccineerd,89.35789266799988
2,18+ met boosterprik,76.2824991211823
3,18+ die nog geen prik kreeg,9.477880290620185
4,18+ met 2de boosterprik,40.858239823927775
5,18+ met 3de boosterprik,5.034921198896225
