,DOSE,Vaccinatiegraad
0,18+ met minstens eerste dosis,90.55759620665907
1,18+ volledig gevaccineerd,89.38692576130113
2,18+ met boosterprik,76.34755915330865
3,18+ die nog geen prik kreeg,9.442403793340931
4,18+ met 2de boosterprik,41.84217027660983
5,18+ met 3de boosterprik,5.3424021636022365
