,DOSE,Vaccinatiegraad
0,18+ met minstens eerste dosis,91.74350632775729
1,18+ volledig gevaccineerd,90.5581574411764
2,18+ met boosterprik,76.85830415003785
3,18+ die nog geen prik kreeg,8.25649367224271
4,18+ met 2de boosterprik,41.959263224277194
5,18+ met 3de boosterprik,5.350626407875674
