,DOSE,Vaccinatiegraad
0,18+ met minstens eerste dosis,91.74383011690192
1,18+ volledig gevaccineerd,90.55830854277724
2,18+ met boosterprik,76.85855238838207
3,18+ die nog geen prik kreeg,8.256169883098089
4,18+ met 2de boosterprik,41.96087137702882
5,18+ met 3de boosterprik,5.362466297597409
