,DOSE,Vaccinatiegraad
0,18+ met minstens eerste dosis,90.54706226648732
1,18+ volledig gevaccineerd,89.37721208696242
2,18+ met boosterprik,76.3336685990043
3,18+ die nog geen prik kreeg,9.452937733512684
4,18+ met 2de boosterprik,41.780585581302425
5,18+ met 3de boosterprik,5.302921473901137
