,DOSE,Vaccinatiegraad
0,18+ met minstens eerste dosis,90.55085059947942
1,18+ volledig gevaccineerd,89.38094645509709
2,18+ met boosterprik,76.33946442469308
3,18+ die nog geen prik kreeg,9.44914940052059
4,18+ met 2de boosterprik,41.81569511755111
5,18+ met 3de boosterprik,5.3200391266802365
