,DOSE,Vaccinatiegraad
0,18+ met minstens eerste dosis,91.7434091910139
1,18+ volledig gevaccineerd,90.55803871849005
2,18+ met boosterprik,76.85810987655107
3,18+ die nog geen prik kreeg,8.256590808986099
4,18+ met 2de boosterprik,41.959004192961494
5,18+ met 3de boosterprik,5.350140724158739
