,DOSE,Vaccinatiegraad
0,18+ met minstens eerste dosis,90.5068260687821
1,18+ volledig gevaccineerd,89.34194065614143
2,18+ met boosterprik,76.20738003962964
3,18+ die nog geen prik kreeg,9.493173931217903
4,18+ met 2de boosterprik,37.35561837304805
5,18+ met 3de boosterprik,4.590315531442139
