,DOSE,Vaccinatiegraad
0,18+ met minstens eerste dosis,90.52272411578312
1,18+ volledig gevaccineerd,89.35862659006104
2,18+ met boosterprik,76.28411806690542
3,18+ die nog geen prik kreeg,9.477275884216887
4,18+ met 2de boosterprik,40.909992122210106
5,18+ met 3de boosterprik,5.04527165855269
