,DOSE,Vaccinatiegraad
0,18+ met minstens eerste dosis,90.52749460918056
1,18+ volledig gevaccineerd,89.3631272591713
2,18+ met boosterprik,76.29855906275563
3,18+ die nog geen prik kreeg,9.472505390819434
4,18+ met 2de boosterprik,41.25114715795697
5,18+ met 3de boosterprik,5.124567620070998
