,DOSE,Vaccinatiegraad
0,18+ met minstens eerste dosis,90.55422879955498
1,18+ volledig gevaccineerd,89.38387135037019
2,18+ met boosterprik,76.34354416791533
3,18+ die nog geen prik kreeg,9.445771200445016
4,18+ met 2de boosterprik,41.83257532495748
5,18+ met 3de boosterprik,5.331598399143297
