,DOSE,Vaccinatiegraad
0,18+ met minstens eerste dosis,90.49682098421323
1,18+ volledig gevaccineerd,89.33317676329362
2,18+ met boosterprik,76.14360437111029
3,18+ die nog geen prik kreeg,9.50317901578677
4,18+ met 2de boosterprik,32.61774133542947
5,18+ met 3de boosterprik,4.034671773325149
