,DOSE,Vaccinatiegraad
0,18+ met minstens eerste dosis,90.5248935030521
1,18+ volledig gevaccineerd,89.36083914921596
2,18+ met boosterprik,76.29106874054334
3,18+ die nog geen prik kreeg,9.475106496947909
4,18+ met 2de boosterprik,41.075243308654485
5,18+ met 3de boosterprik,5.080877671489794
