,DOSE,Vaccinatiegraad
0,18+ met minstens eerste dosis,90.52961003159211
1,18+ volledig gevaccineerd,89.36496206432417
2,18+ met boosterprik,76.30509960347702
3,18+ die nog geen prik kreeg,9.470389968407893
4,18+ met 2de boosterprik,41.390333318259145
5,18+ met 3de boosterprik,5.158112175453998
