,DOSE,Vaccinatiegraad
0,18+ met minstens eerste dosis,90.55707814402767
1,18+ volledig gevaccineerd,89.38642928461272
2,18+ met boosterprik,76.34707346959172
3,18+ die nog geen prik kreeg,9.44292185597233
4,18+ met 2de boosterprik,41.841393182662735
5,18+ met 3de boosterprik,5.340934319479943
