,DOSE,Vaccinatiegraad
0,18+ met minstens eerste dosis,90.54549728562164
1,18+ volledig gevaccineerd,89.37589534444096
2,18+ met boosterprik,76.33151000470681
3,18+ die nog geen prik kreeg,9.454502714378364
4,18+ met 2de boosterprik,41.76558335093487
5,18+ met 3de boosterprik,5.296283796436355
