,DOSE,Vaccinatiegraad
0,18+ met minstens eerste dosis,90.50390117350899
1,18+ volledig gevaccineerd,89.33914527652618
2,18+ met boosterprik,76.19048903925177
3,18+ die nog geen prik kreeg,9.496098826491004
4,18+ met 2de boosterprik,36.23923657427199
5,18+ met 3de boosterprik,4.45248928554738
