,DOSE,Vaccinatiegraad
0,18+ met minstens eerste dosis,90.55856757409295
1,18+ volledig gevaccineerd,89.38817774599369
2,18+ met boosterprik,76.34882193097269
3,18+ die nog geen prik kreeg,9.441432425907061
4,18+ met 2de boosterprik,41.84486851948169
5,18+ met 3de boosterprik,5.345445781561697
