,DOSE,Vaccinatiegraad
0,18+ met minstens eerste dosis,90.52825011718468
1,18+ volledig gevaccineerd,89.36383959528948
2,18+ met boosterprik,76.30027514522213
3,18+ die nog geen prik kreeg,9.471749882815313
4,18+ met 2de boosterprik,41.28374193184908
5,18+ met 3de boosterprik,5.1324788681713
