,DOSE,Vaccinatiegraad
0,18+ met minstens eerste dosis,90.49368022951037
1,18+ volledig gevaccineerd,89.33008997344821
2,18+ met boosterprik,76.11561819604333
3,18+ die nog geen prik kreeg,9.50631977048962
4,18+ met 2de boosterprik,30.076503819794503
5,18+ met 3de boosterprik,3.684321125870979
