,DOSE,Vaccinatiegraad
0,18+ met minstens eerste dosis,90.53550299402426
1,18+ volledig gevaccineerd,89.36919290914724
2,18+ met boosterprik,76.31473772701531
3,18+ die nog geen prik kreeg,9.464497005975744
4,18+ met 2de boosterprik,41.55403031680933
5,18+ met 3de boosterprik,5.212303685292493
