,DOSE,Vaccinatiegraad
0,18+ met minstens eerste dosis,90.55822219900534
1,18+ volledig gevaccineerd,89.38775682010566
2,18+ met boosterprik,76.34822831754087
3,18+ die nog geen prik kreeg,9.44177780099466
4,18+ met 2de boosterprik,41.84351939804576
5,18+ met 3de boosterprik,5.344398863327415
