,DOSE,Vaccinatiegraad
0,18+ met minstens eerste dosis,90.53006333639459
1,18+ volledig gevaccineerd,89.36549091992705
2,18+ met boosterprik,76.30674013514312
3,18+ die nog geen prik kreeg,9.46993666360542
4,18+ met 2de boosterprik,41.4227122327215
5,18+ met 3de boosterprik,5.179989528659063
