,Vaccinatiestatus,Vaccinatiegraad
0,Eerste dosis,79.87542826282579
1,Volledig gevaccineerd,78.73778229434924
2,Boosterprik,62.43829424150951
3,2de boosterprik,33.576340762195606
4,3de boosterprik,4.279736339961091
5,Ongevaccineerd,20.124571737174215
