,Vaccinatiestatus,Vaccinatiegraad
0,Eerste dosis,79.87285575079022
1,Volledig gevaccineerd,78.73486447868476
2,Boosterprik,62.44240335469382
3,2de boosterprik,33.577609753031936
4,3de boosterprik,4.284363408588806
5,Ongevaccineerd,20.12714424920977
