,Vaccinatiestatus,Vaccinatiegraad
0,Eerste dosis,79.87529877396493
1,Volledig gevaccineerd,78.73760964253478
2,Boosterprik,62.438026631197076
3,2de boosterprik,33.57602135633884
4,3de boosterprik,4.2794859948301145
5,Ongevaccineerd,20.124701226035064
