,Vaccinatiestatus,Vaccinatiegraad
0,Eerste dosis,79.84309921056685
1,Volledig gevaccineerd,78.70830199702901
2,Boosterprik,62.380904778380675
3,2de boosterprik,32.9501067333517
4,3de boosterprik,4.066977508993433
5,Ongevaccineerd,20.15690078943316
