,Vaccinatiestatus,Vaccinatiegraad
0,Eerste dosis,79.86431811856484
1,Volledig gevaccineerd,78.7270433514894
2,Boosterprik,62.422418907169266
3,2de boosterprik,33.52253382421697
4,3de boosterprik,4.244705286805741
5,Ongevaccineerd,20.135681881435165
