,Vaccinatiestatus,Vaccinatiegraad
0,Eerste dosis,79.8459307003241
1,Volledig gevaccineerd,78.71166007482039
2,Boosterprik,62.387776320596465
3,2de boosterprik,33.092829355780836
4,3de boosterprik,4.101965399195167
5,Ongevaccineerd,20.154069299675896
