,Vaccinatiestatus,Vaccinatiegraad
0,Eerste dosis,79.81578569351817
1,Volledig gevaccineerd,78.67952093955736
2,Boosterprik,62.28309752548513
3,2de boosterprik,29.037773454576342
4,3de boosterprik,3.56390465199955
5,Ongevaccineerd,20.18421430648183
