,Vaccinatiestatus,Vaccinatiegraad
0,Eerste dosis,79.85361370606789
1,Volledig gevaccineerd,78.7190927354332
2,Boosterprik,62.403643022345975
3,2de boosterprik,33.33895314989424
4,3de boosterprik,4.1721742595481635
5,Ongevaccineerd,20.146386293932117
