,Vaccinatiestatus,Vaccinatiegraad
0,Eerste dosis,79.88156603483009
1,Volledig gevaccineerd,78.74306543987193
2,Boosterprik,62.4456492088058
3,2de boosterprik,33.60893742476697
4,3de boosterprik,4.839110953652656
5,Ongevaccineerd,20.118433965169913
