,Vaccinatiestatus,Vaccinatiegraad
0,Eerste dosis,79.86874663760591
1,Volledig gevaccineerd,78.73135964685108
2,Boosterprik,62.42949763156241
3,2de boosterprik,33.55658076202986
4,3de boosterprik,4.262661075510307
5,Ongevaccineerd,20.131253362394087
