,Vaccinatiestatus,Vaccinatiegraad
0,Eerste dosis,79.81879846768062
1,Volledig gevaccineerd,78.6823437967239
2,Boosterprik,62.298903799099584
3,2de boosterprik,29.937479324945215
4,3de boosterprik,3.674220528853226
5,Ongevaccineerd,20.181201532319385
