,Vaccinatiestatus,Vaccinatiegraad
0,E4+,197353.0
1,Eerste dosis,79.83116897018718
2,Volledig gevaccineerd,78.70952782491172
3,Boosterprik,62.4585894623001
4,2de boosterprik,33.931787685229494
5,3de boosterprik,9.022792456635043
6,Ongevaccineerd,20.168831029812825
