,Vaccinatiestatus,Vaccinatiegraad
0,Eerste dosis,79.8729161789253
1,Volledig gevaccineerd,78.73506302827138
2,Boosterprik,62.43496206149028
3,2de boosterprik,33.570833169314106
4,3de boosterprik,4.273054714741219
5,Ongevaccineerd,20.12708382107471
