,Vaccinatiestatus,Vaccinatiegraad
0,Eerste dosis,79.85775734961508
1,Volledig gevaccineerd,78.72193285778117
2,Boosterprik,62.41130013031759
3,2de boosterprik,33.43038091824522
4,3de boosterprik,4.203268851333666
5,Ongevaccineerd,20.142242650384908
