,Vaccinatiestatus,Vaccinatiegraad
0,Eerste dosis,79.84846004940604
1,Volledig gevaccineerd,78.7147678074808
2,Boosterprik,62.395597447791815
3,2de boosterprik,33.23146013020709
4,3de boosterprik,4.146328282922457
5,Ongevaccineerd,20.151539950593957
