,Vaccinatiestatus,Vaccinatiegraad
0,Eerste dosis,79.83715135555846
1,Volledig gevaccineerd,78.70108515118429
2,Boosterprik,62.36351010807313
3,2de boosterprik,32.58941982774874
4,3de boosterprik,3.992072519286934
5,Ongevaccineerd,20.162848644441546
