,Vaccinatiestatus,Vaccinatiegraad
0,Eerste dosis,79.8718457376756
1,Volledig gevaccineerd,78.73420840178977
2,Boosterprik,62.433744866198296
3,2de boosterprik,33.568554165363146
4,3de boosterprik,4.270611691566511
5,Ongevaccineerd,20.128154262324404
