,Vaccinatiestatus,Vaccinatiegraad
0,Eerste dosis,79.83844624416696
1,Volledig gevaccineerd,78.70219012279688
2,Boosterprik,62.367196224312
3,2de boosterprik,32.658722266075785
4,3de boosterprik,4.005798338537058
5,Ongevaccineerd,20.161553755833044
