,Vaccinatiestatus,Vaccinatiegraad
0,Eerste dosis,79.8728125878366
1,Volledig gevaccineerd,78.73483858091258
2,Boosterprik,62.442420619875264
3,2de boosterprik,33.57745436639892
4,3de boosterprik,4.283025357026688
5,Ongevaccineerd,20.127187412163387
