,Vaccinatiestatus,Vaccinatiegraad
0,Eerste dosis,79.87333054328
1,Volledig gevaccineerd,78.73550329039828
2,Boosterprik,62.43542822138936
3,2de boosterprik,33.57179138688441
4,3de boosterprik,4.274271910033212
5,Ongevaccineerd,20.126669456719988
