,Vaccinatiestatus,Vaccinatiegraad
0,Eerste dosis,79.85301805730796
1,Volledig gevaccineerd,78.71849708667328
2,Boosterprik,62.4026502744128
3,2de boosterprik,33.32664307552274
4,3de boosterprik,4.169619012694052
5,Ongevaccineerd,20.14698194269203
