,Vaccinatiestatus,Vaccinatiegraad
0,Eerste dosis,79.8321358203482
1,Volledig gevaccineerd,78.69427403710357
2,Boosterprik,62.35067344566752
3,2de boosterprik,32.22294908636113
4,3de boosterprik,3.940561850440711
5,Ongevaccineerd,20.167864179651808
