,Vaccinatiestatus,Vaccinatiegraad
0,Eerste dosis,79.8746944926143
1,Volledig gevaccineerd,78.73690177009546
2,Boosterprik,62.43683533367725
3,2de boosterprik,33.574191247105496
4,3de boosterprik,4.277966658862805
5,Ongevaccineerd,20.1253055073857
