,Vaccinatiestatus,Vaccinatiegraad
0,Eerste dosis,79.87138821036726
1,Volledig gevaccineerd,78.73380267002578
2,Boosterprik,62.432907504898125
3,2de boosterprik,33.56674132131124
4,3de boosterprik,4.268565767565077
5,Ongevaccineerd,20.128611789632743
