,Vaccinatiestatus,Vaccinatiegraad
0,Eerste dosis,79.87246728420769
1,Volledig gevaccineerd,78.73470909205173
2,Boosterprik,62.43447000381905
3,2de boosterprik,33.57005623614901
4,3de boosterprik,4.272070599398757
5,Ongevaccineerd,20.127532715792324
