,Vaccinatiestatus,Vaccinatiegraad
0,Eerste dosis,79.86132260958382
1,Volledig gevaccineerd,78.7243068202301
2,Boosterprik,62.41800765330963
3,2de boosterprik,33.49250104109044
4,3de boosterprik,4.230142106255451
5,Ongevaccineerd,20.138677390416166
