,Vaccinatiestatus,Vaccinatiegraad
0,Eerste dosis,79.87266583379431
1,Volledig gevaccineerd,78.7347695201868
2,Boosterprik,62.44222207028862
3,2de boosterprik,33.577109062769985
4,3de boosterprik,4.2817908965532485
5,Ongevaccineerd,20.12733416620569
