,Vaccinatiestatus,Vaccinatiegraad
0,Eerste dosis,79.86514684727427
1,Volledig gevaccineerd,78.7277857542916
2,Boosterprik,62.423834652047894
3,2de boosterprik,33.53220232582712
4,3de boosterprik,4.248866195534395
5,Ongevaccineerd,20.134853152725725
