,Vaccinatiestatus,Vaccinatiegraad
0,Eerste dosis,79.86972212035765
1,Volledig gevaccineerd,78.73222290592341
2,Boosterprik,62.430464481723426
3,2de boosterprik,33.560310041222344
4,3de boosterprik,4.264672469148848
5,Ongevaccineerd,20.130277879642346
