,Vaccinatiestatus,Vaccinatiegraad
0,Eerste dosis,79.80370006650548
1,Volledig gevaccineerd,78.66947260395538
2,Boosterprik,62.21155924616074
3,2de boosterprik,24.082303810563666
4,3de boosterprik,2.9489793170032343
5,Ongevaccineerd,20.196299933494522
