,Vaccinatiestatus,Vaccinatiegraad
0,Eerste dosis,79.82914031136718
1,Volledig gevaccineerd,78.69149434289065
2,Boosterprik,62.34352566054858
3,2de boosterprik,32.006089774799875
4,3de boosterprik,3.9118843840577453
5,Ongevaccineerd,20.17085968863281
