,Vaccinatiestatus,Vaccinatiegraad
0,Eerste dosis,79.83428533543831
1,Volledig gevaccineerd,78.69647534773802
2,Boosterprik,62.35552496165403
3,2de boosterprik,32.36608607314498
4,3de boosterprik,3.9604599720580302
5,Ongevaccineerd,20.165714664561698
