,Vaccinatiestatus,Vaccinatiegraad
0,Eerste dosis,79.8010066981998
1,Volledig gevaccineerd,78.66685692896621
2,Boosterprik,62.19270566802094
3,2de boosterprik,22.42843754942158
4,3de boosterprik,2.7702933216206342
5,Ongevaccineerd,20.198993301800204
