,Vaccinatiestatus,Vaccinatiegraad
0,Eerste dosis,79.87274352711083
1,Volledig gevaccineerd,78.73482131573114
2,Boosterprik,62.442334293968024
3,2de boosterprik,33.57730761235662
4,3de boosterprik,4.282248423861586
5,Ongevaccineerd,20.127256472889176
