,Vaccinatiestatus,Vaccinatiegraad
0,Eerste dosis,79.8254110321747
1,Volledig gevaccineerd,78.6877046355631
2,Boosterprik,62.324464900231426
3,2de boosterprik,31.313591979563547
4,3de boosterprik,3.8384987303185563
5,Ongevaccineerd,20.1745889678253
