,Vaccinatiestatus,Vaccinatiegraad
0,Eerste dosis,79.84353084010301
1,Volledig gevaccineerd,78.70873362656518
2,Boosterprik,62.382294625487134
3,2de boosterprik,32.9806833696938
4,3de boosterprik,4.075489243446655
5,Ongevaccineerd,20.15646915989699
