,Vaccinatiestatus,Vaccinatiegraad
0,Eerste dosis,79.87512612215046
1,Volledig gevaccineerd,78.73748015367393
2,Boosterprik,62.437828081610434
3,2de boosterprik,33.57570195048208
4,3de boosterprik,4.27919248674552
5,Ongevaccineerd,20.12487387784953
