,Vaccinatiestatus,Vaccinatiegraad
0,Eerste dosis,79.86291100627693
1,Volledig gevaccineerd,78.72576572806234
2,Boosterprik,62.42036435057711
3,2de boosterprik,33.5103446061156
4,3de boosterprik,4.239387610920158
5,Ongevaccineerd,20.137088993723072
