,Vaccinatiestatus,Vaccinatiegraad
0,E4+,112329.0
1,Eerste dosis,79.83024528297977
2,Volledig gevaccineerd,78.69020808687287
3,Boosterprik,62.457829794316446
4,2de boosterprik,33.79219869323295
5,3de boosterprik,6.634871108514427
6,Ongevaccineerd,20.169754717020222
