,Vaccinatiestatus,Vaccinatiegraad
0,Eerste dosis,79.86784884817068
1,Volledig gevaccineerd,78.73053091814162
2,Boosterprik,62.42818547777246
3,2de boosterprik,33.55131488168862
4,3de boosterprik,4.258431106055866
5,Ongevaccineerd,20.132151151829312
