,Vaccinatiestatus,Vaccinatiegraad
0,Eerste dosis,79.87413337421728
1,Volledig gevaccineerd,78.73618526506543
2,Boosterprik,62.436136093828665
3,2de boosterprik,33.573086275492905
4,3de boosterprik,4.276369629578984
5,Ongevaccineerd,20.125866625782717
