,Vaccinatiestatus,Vaccinatiegraad
0,Eerste dosis,79.87257950788708
1,Volledig gevaccineerd,78.73464003132594
2,Boosterprik,62.44201488811127
3,2de boosterprik,33.57686735022973
4,3de boosterprik,4.281402429970697
5,Ongevaccineerd,20.12742049211292
