,Vaccinatiestatus,Vaccinatiegraad
0,Eerste dosis,79.86620002334253
1,Volledig gevaccineerd,78.72904611253722
2,Boosterprik,62.42537988578737
3,2de boosterprik,33.53927241762955
4,3de boosterprik,4.253147960533176
5,Ongevaccineerd,20.133799976657475
