,Vaccinatiestatus,Vaccinatiegraad
0,Eerste dosis,79.87481534888443
1,Volledig gevaccineerd,78.7371003196821
2,Boosterprik,62.43723243285053
3,2de boosterprik,33.574847324000466
4,3de boosterprik,4.278242901765951
5,Ongevaccineerd,20.12518465111557
