,Vaccinatiestatus,Vaccinatiegraad
0,Eerste dosis,79.87368447949967
1,Volledig gevaccineerd,78.73573637034781
2,Boosterprik,62.43572172947395
3,2de boosterprik,33.572447463779376
4,3de boosterprik,4.275195597240609
5,Ongevaccineerd,20.12631552050033
