,Vaccinatiestatus,Vaccinatiegraad
0,Eerste dosis,79.82750011912975
1,Volledig gevaccineerd,78.68965560106658
2,Boosterprik,62.336412405792544
3,2de boosterprik,31.73040799004973
4,3de boosterprik,3.8786489097728527
5,Ongevaccineerd,20.172499880870248
