,Vaccinatiestatus,Vaccinatiegraad
0,Eerste dosis,79.81134854188636
1,Volledig gevaccineerd,78.67655132834854
2,Boosterprik,62.25648324828506
3,2de boosterprik,27.40991718928371
4,3de boosterprik,3.388654427724843
5,Ongevaccineerd,20.188651458113636
