,Vaccinatiestatus,Vaccinatiegraad
0,Eerste dosis,79.87261403824998
1,Volledig gevaccineerd,78.73466592909811
2,Boosterprik,62.44210984660922
3,2de boosterprik,33.576996839090576
4,3de boosterprik,4.281592346966611
5,Ongevaccineerd,20.127385961750026
