,Vaccinatiestatus,Vaccinatiegraad
0,Eerste dosis,79.83996558013426
1,Volledig gevaccineerd,78.70423604679831
2,Boosterprik,62.37253979796975
3,2de boosterprik,32.774010515186106
4,3de boosterprik,4.030194039921243
5,Ongevaccineerd,20.16003441986573
