,Vaccinatiestatus,Vaccinatiegraad
0,Eerste dosis,79.87252771234274
1,Volledig gevaccineerd,78.7345882357816
2,Boosterprik,62.44194582738548
3,2de boosterprik,33.57678965691322
4,3de boosterprik,4.281290206291294
5,Ongevaccineerd,20.127472287657262
