,Vaccinatiestatus,Vaccinatiegraad
0,Eerste dosis,79.8753246717371
1,Volledig gevaccineerd,78.73774776398635
2,Boosterprik,62.43819928301154
3,2de boosterprik,33.57617674297187
4,3de boosterprik,4.279658646644581
5,Ongevaccineerd,20.124675328262896
