,Vaccinatiestatus,Vaccinatiegraad
0,Eerste dosis,79.84060439184779
1,Volledig gevaccineerd,78.70533238582017
2,Boosterprik,62.374119562072124
3,2de boosterprik,32.81618072086967
4,3de boosterprik,4.038481327015658
5,Ongevaccineerd,20.159395608152202
