,Vaccinatiestatus,Vaccinatiegraad
0,Eerste dosis,79.87294207669746
1,Volledig gevaccineerd,78.7348817438662
2,Boosterprik,62.44244651764743
3,2de boosterprik,33.57839531878776
4,3de boosterprik,4.291278113758209
5,Ongevaccineerd,20.127057923302537
