,Vaccinatiestatus,Vaccinatiegraad
0,Eerste dosis,79.8703264017083
1,Volledig gevaccineerd,78.73279265691114
2,Boosterprik,62.431370903749375
3,2de boosterprik,33.5634695694271
4,3de boosterprik,4.266752923513175
5,Ongevaccineerd,20.129673598291713
