,Vaccinatiestatus,Vaccinatiegraad
0,Eerste dosis,79.8595356633041
1,Volledig gevaccineerd,78.72317595084533
2,Boosterprik,62.414882655467785
3,2de boosterprik,33.465342910674785
4,3de boosterprik,4.218798882044971
5,Ongevaccineerd,20.140464336695903
