,Vaccinatiestatus,Vaccinatiegraad
0,Eerste dosis,79.84801978727916
1,Volledig gevaccineerd,78.71422395426522
2,Boosterprik,62.39407811182451
3,2de boosterprik,33.20534654326896
4,3de boosterprik,4.128830021526228
5,Ongevaccineerd,20.151980212720847
