,Vaccinatiestatus,Vaccinatiegraad
0,Eerste dosis,79.87494483774528
1,Volledig gevaccineerd,78.73729886926874
2,Boosterprik,62.43747414539078
3,2de boosterprik,33.575356646853145
4,3de boosterprik,4.278812652753692
5,Ongevaccineerd,20.125055162254725
