,Vaccinatiestatus,Vaccinatiegraad
0,Eerste dosis,79.8744009845297
1,Volledig gevaccineerd,78.73660826201086
2,Boosterprik,62.436403704141085
3,2de boosterprik,33.573569700573415
4,3de boosterprik,4.277060236836853
5,Ongevaccineerd,20.125599015470293
