,Vaccinatiestatus,Vaccinatiegraad
0,Eerste dosis,79.80798183150426
1,Volledig gevaccineerd,78.67346086086957
2,Boosterprik,62.23817352336083
3,2de boosterprik,26.12397194477076
4,3de boosterprik,3.2294953525584584
5,Ongevaccineerd,20.19201816849574
