,Vaccinatiestatus,Vaccinatiegraad
0,Eerste dosis,79.84663857276342
1,Volledig gevaccineerd,78.71260965979997
2,Boosterprik,62.389390615061735
3,2de boosterprik,33.11912422712415
4,3de boosterprik,4.108293088195381
5,Ongevaccineerd,20.153361427236582
