,Vaccinatiestatus,Vaccinatiegraad
0,Eerste dosis,79.85527116348676
1,Volledig gevaccineerd,78.72036172626953
2,Boosterprik,62.4070528956817
3,2de boosterprik,33.37940547002385
4,3de boosterprik,4.182878672045116
5,Ongevaccineerd,20.144728836513234
