,Regio,Minstens één dosis,Volledig gevaccineerd,Boosterprik,2de boosterprik,3de boosterprik
0,Brussel,76.52161451308336,74.92760739816563,50.09610196924738,17.938085884812516,0.8926313393579713
1,Vlaanderen,94.31661857686282,93.32858608568752,85.04818857623314,54.60467588459929,8.301176749474964
2,Duitstalige gemeenschap,82.3110338835795,80.98728378485112,66.24753179053788,23.938077561014136,2.01405892109628
3,Wallonië,85.93653403762286,84.76416674727305,67.89500282472808,25.775503509531877,1.2924708029657541
