,Regio,Minstens één dosis,Volledig gevaccineerd,Boosterprik,2de boosterprik,3de boosterprik
0,Brussel,76.46186690720259,74.87312854059887,50.05753473158888,17.885293026706233,0.8553286012948476
1,Vlaanderen,94.30267315107359,93.31573332938244,85.03976205732997,54.58993410647416,8.284879306321557
2,Duitstalige gemeenschap,82.30313561330068,80.98254482268383,66.23963352025906,23.93175894479109,2.0093199589289945
3,Wallonië,85.92111368584257,84.74867630298468,67.88203571073103,25.746975858738363,1.2731953632404047
