,Regio,Minstens één dosis,Volledig gevaccineerd,Boosterprik,2de boosterprik,3de boosterprik
0,Brussel,76.5245650121392,74.93013639735635,50.09778796870785,17.939877259239275,0.8942119638521716
1,Vlaanderen,94.31760012741638,93.32945651731049,85.04855897266845,54.605120360321656,8.301824943236745
2,Duitstalige gemeenschap,82.31261353763526,80.98886343890688,66.24753179053788,23.938077561014136,2.01405892109628
3,Wallonië,85.93709477768759,84.76493776486207,67.89528319476045,25.77613434210471,1.2929964967764456
