,Regio,Minstens één dosis,Volledig gevaccineerd,Boosterprik,2de boosterprik,3de boosterprik
0,Brussel,76.48483864985162,74.8940981588886,50.07829359994604,17.919329140814675,0.8746122201240896
1,Vlaanderen,94.30848837510788,93.32088183983316,85.04320674417829,54.598953259673834,8.292009437701171
2,Duitstalige gemeenschap,82.30787457546798,80.9841244767396,66.24595213648212,23.933338598846852,2.0108996129847565
3,Wallonië,85.92847339919226,84.75593087757221,67.88904496154025,25.767022316052728,1.2853213671403518
