,Regio,Minstens één dosis,Volledig gevaccineerd,Boosterprik,2de boosterprik,3de boosterprik
0,Brussel,76.22213885891557,74.65068198678176,49.4701746695441,8.514508025357431,0.2676524143512274
1,Vlaanderen,94.23216818961335,93.25183994429239,84.84795226330742,37.03940277278772,5.454865342375944
2,Duitstalige gemeenschap,82.2241529105126,80.8925045415054,65.75152041702867,13.117447279045887,1.0615275254719216
3,Wallonië,85.86812374972489,84.70111853624414,67.64575386595229,17.597775544163184,0.7992999160291753
