,Regio,Minstens één dosis,Volledig gevaccineerd,Boosterprik,2de boosterprik,3de boosterprik
0,Brussel,76.29716583490693,74.72655196250338,49.80157893849474,15.32636734556245,0.5524809482060966
1,Vlaanderen,94.26100355210181,93.27852700745608,84.99140680270094,53.40479515225145,7.780954956089503
2,Duitstalige gemeenschap,82.27312218624121,80.94621277940132,66.14485427691335,22.217834294289553,1.7297211910591581
3,Wallonië,85.88669826436931,84.71755522939175,67.79995738375509,24.14858630420429,1.1123330571688514
