,Regio,Minstens één dosis,Volledig gevaccineerd,Boosterprik,2de boosterprik,3de boosterprik
0,Brussel,76.3189784529269,74.74920758025357,49.86406629349879,16.158197329376854,0.6216069260857836
1,Vlaanderen,94.26744845007612,93.28563861901394,85.0033520877395,53.936499235131365,7.916723769450443
2,Duitstalige gemeenschap,82.29049838085459,80.9667482821262,66.18434562830741,22.778611484084983,1.8023852776242004
3,Wallonië,85.89013279726584,84.72130517857468,67.81807629709691,24.64533190905357,1.1467134323880657
