,Regio,Minstens één dosis,Volledig gevaccineerd,Boosterprik,2de boosterprik,3de boosterprik
0,Brussel,76.33773519692474,74.77049332344214,49.90937752899919,16.765262510115996,0.6775610331804693
1,Vlaanderen,94.27387482822866,93.29117604572174,85.01272311755271,54.2236120319578,8.026046277330627
2,Duitstalige gemeenschap,82.29207803491036,80.96832793618198,66.21119974725535,23.546323355185216,1.9050627912487166
3,Wallonië,85.89335705263808,84.7243542026767,67.83198965995321,24.98398386190094,1.1758368695003665
