,Regio,Minstens één dosis,Volledig gevaccineerd,Boosterprik,2de boosterprik,3de boosterprik
0,Brussel,76.34711356892365,74.77923944564337,49.92876652279472,17.027013926355544,0.7086466482330726
1,Vlaanderen,94.27654168256284,93.29367622166004,85.01683451798459,54.319378030305835,8.068790025964791
2,Duitstalige gemeenschap,82.29207803491036,80.96990759023774,66.22067767158993,23.765895268936102,1.946133796698523
3,Wallonië,85.89584533667535,84.72649202417351,67.8392091882867,25.160056242228496,1.1925889789343975
