,Regio,Minstens één dosis,Volledig gevaccineerd,Boosterprik,2de boosterprik,3de boosterprik
0,Brussel,76.43078129214999,74.84457192473698,50.03224473968169,17.79445980577286,0.8232946115457243
1,Vlaanderen,94.29558005933751,93.30906619354695,85.03405795222628,54.5605061096892,8.259877546938487
2,Duitstalige gemeenschap,82.30313561330068,80.97938551457231,66.23647421214754,23.911223442066188,1.9887844562040913
3,Wallonië,85.9136838799848,84.74149182090524,67.87306386969523,25.69896249069522,1.2594221854002914
