,Regio,Minstens één dosis,Volledig gevaccineerd,Boosterprik,2de boosterprik,3de boosterprik
0,Brussel,76.49411164688428,74.90326578095495,50.08345697329377,17.925335513892634,0.87988096843809
1,Vlaanderen,94.31115522944206,93.32325237701913,85.04483648849363,54.60117563828566,8.294842970431253
2,Duitstalige gemeenschap,82.30945422952374,80.9841244767396,66.24595213648212,23.934918252902616,2.0108996129847565
3,Wallonië,85.93068131319716,84.75778832903667,67.8906921354804,25.769931155138554,1.2879848824478548
