,Regio,Minstens één dosis,Volledig gevaccineerd,Boosterprik,2de boosterprik,3de boosterprik
0,Brussel,76.24553210142973,74.67365372943081,49.5877731319126,11.431603216886971,0.36775863231723765
1,Vlaanderen,94.24185405639656,93.26208140572855,84.90301169341546,45.330301021182976,6.679581155710958
2,Duitstalige gemeenschap,82.23994945107022,80.9098807361188,65.87631308743384,16.736434720796144,1.258984282442145
3,Wallonië,85.87607924939334,84.70756704698861,67.71567114277424,20.963582736495624,0.9518562598918052
