,Regio,Minstens één dosis,Volledig gevaccineerd,Boosterprik,2de boosterprik,3de boosterprik
0,Brussel,76.53489175883463,74.94004164418668,50.10252984219045,17.944197632856756,0.897689337739412
1,Vlaanderen,94.32043366014645,93.33230856986232,85.04985536019201,54.60599079194461,8.302695374859713
2,Duitstalige gemeenschap,82.31735249980254,80.99044309296264,66.24911144459364,23.938077561014136,2.0156385751520416
3,Wallonië,85.94084472687052,84.76830220525049,67.89766634003558,25.777501146012504,1.2938726531275977
