,Regio,Minstens één dosis,Volledig gevaccineerd,Boosterprik,2de boosterprik,3de boosterprik
0,Brussel,76.39442692878339,74.81274868492042,49.99083237793364,17.58465824790936,0.7794586255732397
1,Vlaanderen,94.28650534667254,93.30175086394968,85.02676114245077,54.48572306940118,8.193076549831284
2,Duitstalige gemeenschap,82.29681699707764,80.97306689834926,66.22857594186873,23.792749387884054,1.9477134507542848
3,Wallonië,85.90555314904611,84.73479798638243,67.85918555309297,25.547983228264666,1.2341187899790143
