,Regio,Minstens één dosis,Volledig gevaccineerd,Boosterprik,2de boosterprik,3de boosterprik
0,Brussel,76.4559659090909,74.86743829241973,50.05194985837604,17.87180503102239,0.8482684785540869
1,Vlaanderen,94.30102488693649,93.31425174364122,85.03863234820228,54.58471151673636,8.278619606564906
2,Duitstalige gemeenschap,82.30155595924492,80.98096516862807,66.23963352025906,23.928599636679568,1.999842034594424
3,Wallonië,85.91960669691859,84.74727445282284,67.88035349053682,25.740702579264113,1.2706720329490864
