,Regio,Minstens één dosis,Volledig gevaccineerd,Boosterprik,2de boosterprik,3de boosterprik
0,Brussel,76.33973732128406,74.77239007283518,49.91348715268411,16.820373617480442,0.68346203129215
1,Vlaanderen,94.2747082202081,93.2920464773447,85.0137972672151,54.245632100036666,8.036361818053864
2,Duitstalige gemeenschap,82.29207803491036,80.96832793618198,66.21277940131111,23.547903009240976,1.9066424453044784
3,Wallonië,85.89409302397304,84.72498503524952,67.83412748145001,25.02950894590681,1.1800073737318513
