,Regio,Minstens één dosis,Volledig gevaccineerd,Boosterprik,2de boosterprik,3de boosterprik
0,Brussel,76.41592342190451,74.83045167925546,50.01633311977341,17.720065079579175,0.8042217426490423
1,Vlaanderen,94.29072786603501,93.3051029516892,85.03103922127853,54.53554138994966,8.236820368840771
2,Duitstalige gemeenschap,82.29997630518916,80.9762262064608,66.23173524998025,23.870152436616383,1.9808861859252822
3,Wallonië,85.91045962461257,84.73844279680323,67.86784197784236,25.65368273046767,1.250800806904953
