,Regio,Minstens één dosis,Volledig gevaccineerd,Boosterprik,2de boosterprik,3de boosterprik
0,Brussel,76.25522659832748,74.6836643512274,49.63751011599676,12.478503506878878,0.4083279943350418
1,Vlaanderen,94.24548394146255,93.26435934380568,84.92801345279854,48.091791644597215,7.022308977298403
2,Duitstalige gemeenschap,82.24310875918174,80.91619935234183,65.95055682805466,18.722059868888714,1.3664007582339468
3,Wallonië,85.87828716339826,84.70910908216665,67.74016847435244,21.89619860291613,0.9979771302164597
