,Regio,Minstens één dosis,Volledig gevaccineerd,Boosterprik,2de boosterprik,3de boosterprik
0,Brussel,76.42372116940923,74.83698492716482,50.025079241974645,17.7621096911249,0.8123356150526032
1,Vlaanderen,94.29317248250803,93.30730681047925,85.03255784666328,54.55007945003537,8.252580737162987
2,Duitstalige gemeenschap,82.30155595924492,80.97780586051655,66.23489455809177,23.90490482584314,1.9887844562040913
3,Wallonië,85.91207175229869,84.73984464696507,67.87022512311749,25.681334224910035,1.2554970049471292
