,Regio,Minstens één dosis,Volledig gevaccineerd,Boosterprik,2de boosterprik,3de boosterprik
0,Brussel,76.27872521580792,74.70768984353924,49.74846995548962,14.514137105476127,0.5050622133800917
1,Vlaanderen,94.25452161448398,93.27211914912532,84.97629462814051,52.53217819031709,7.631703712483471
2,Duitstalige gemeenschap,82.26996287812969,80.94305347128979,66.09588500118474,21.52910512597741,1.6681146828844484
3,Wallonië,85.88368428652136,84.71450620528974,67.78253939549417,23.55279998542076,1.0804059197328635
