,Regio,Minstens één dosis,Volledig gevaccineerd,Boosterprik,2de boosterprik,3de boosterprik
0,Brussel,76.50928564202859,74.91485702724574,50.08999022120313,17.932290261667116,0.888943215538171
1,Vlaanderen,94.31415544056804,93.32625258814508,85.04691070853134,54.60326837814513,8.298769172645484
2,Duitstalige gemeenschap,82.3110338835795,80.98728378485112,66.24753179053788,23.938077561014136,2.01405892109628
3,Wallonië,85.93355510602893,84.761082676917,67.89268977196103,25.772980179240562,1.2907535365174958
