,Regio,Minstens één dosis,Volledig gevaccineerd,Boosterprik,2de boosterprik,3de boosterprik
0,Brussel,76.53278425950903,74.9382502697599,50.101476092527655,17.943565383059077,0.8975839627731319
1,Vlaanderen,94.31976694656291,93.33167889592231,85.049540523222,54.6057870739052,8.302621295572651
2,Duitstalige gemeenschap,82.31735249980254,80.99044309296264,66.24911144459364,23.938077561014136,2.0156385751520416
3,Wallonië,85.94000361677342,84.76742604889934,67.89721073873298,25.77729086848823,1.2937324681114133
