,Regio,Minstens één dosis,Volledig gevaccineerd,Boosterprik,2de boosterprik,3de boosterprik
0,Brussel,77.37494099001889,75.75564388319395,50.27840066091179,17.95652650391152,0.8984269625033721
1,Vlaanderen,95.53913053140776,94.54009726610391,85.73960760201645,54.7913371681711,8.308177242102222
2,Duitstalige gemeenschap,83.36150383066109,82.02037753731932,66.55556433141142,23.969670642129373,2.0156385751520416
3,Wallonië,87.16728838721345,85.976942368538,68.17547799585894,25.788155207242518,1.2944333931923353
