,Regio,Minstens één dosis,Volledig gevaccineerd,Boosterprik,2de boosterprik,3de boosterprik
0,Brussel,76.27366721742649,74.70136734556246,49.71812196520097,13.955860534124628,0.47734859724844886
1,Vlaanderen,94.253021508921,93.27063756338408,84.96929413551324,52.009104344379786,7.566847296661616
2,Duitstalige gemeenschap,82.2573256456836,80.93199589289945,66.04533607140036,20.80246426032699,1.4959323908064135
3,Wallonië,85.8822824363595,84.71320949389003,67.77013302156186,23.08023629586328,1.0536656278956966
