,Regio,Minstens één dosis,Volledig gevaccineerd,Boosterprik,2de boosterprik,3de boosterprik
0,Brussel,76.23646985432964,74.66501298219585,49.553420892905315,10.762682930941462,0.3445761397356353
1,Vlaanderen,94.23757597756878,93.25728477189136,84.88551046184732,43.09592156485086,6.362040291724233
2,Duitstalige gemeenschap,82.23205118079142,80.90198246583998,65.84314035226285,16.158281336387333,1.1973777742674354
3,Wallonië,85.87415170542081,84.70584978054035,67.7011970398532,20.24692188750713,0.91631935828907
