,Regio,Minstens één dosis,Volledig gevaccineerd,Boosterprik,2de boosterprik,3de boosterprik
0,Brussel,76.44426928783383,74.85679542082546,50.04278223630968,17.838190416779067,0.8398384812516859
1,Vlaanderen,94.29874694885937,93.3122886425341,85.03668776691693,54.57452561476548,8.271748752690005
2,Duitstalige gemeenschap,82.2983966511334,80.9762262064608,66.2380538662033,23.925440328568044,1.998262380538662
3,Wallonië,85.91669785783277,84.74454084500724,67.87705914265648,25.724020562338172,1.2654150948421727
