,Regio,Minstens één dosis,Volledig gevaccineerd,Boosterprik,2de boosterprik,3de boosterprik
0,Brussel,76.34985331804694,74.78187381980038,49.935089020771514,17.09213565551659,0.7185518950633936
1,Vlaanderen,94.27718987632463,93.29432441542183,85.01770494960756,54.33639774650809,8.093402869090788
2,Duitstalige gemeenschap,82.29365768896612,80.9714872442935,66.22067767158993,23.765895268936102,1.9477134507542848
3,Wallonië,85.89616075296176,84.72698267173014,67.84120682476733,25.210592940562954,1.2134064538377751
