,Regio,Minstens één dosis,Volledig gevaccineerd,Boosterprik,2de boosterprik,3de boosterprik
0,Brussel,76.4680840302131,74.87850266387915,50.06048523064472,17.893196149177232,0.8583844753169679
1,Vlaanderen,94.30417325663657,93.31695563761895,85.04072508806175,54.59339731314425,8.287046125468088
2,Duitstalige gemeenschap,82.30313561330068,80.98254482268383,66.23963352025906,23.933338598846852,2.0108996129847565
3,Wallonië,85.92293609105297,84.75049870819508,67.88357774590905,25.75268839814788,1.276034109818138
