,Regio,Minstens één dosis,Volledig gevaccineerd,Boosterprik,2de boosterprik,3de boosterprik
0,Brussel,76.49000202319935,74.89947228216887,50.08156022390072,17.923333389533315,0.8778788440787699
1,Vlaanderen,94.30963660405732,93.32186339038672,85.04392901722714,54.600212607553864,8.29352806308592
2,Duitstalige gemeenschap,82.30787457546798,80.9841244767396,66.24595213648212,23.934918252902616,2.0108996129847565
3,Wallonië,85.9299453418622,84.75719254271787,67.89006130290758,25.769125091295493,1.2871437723507486
