,Regio,Minstens één dosis,Volledig gevaccineerd,Boosterprik,2de boosterprik,3de boosterprik
0,Brussel,76.43668229026167,74.84962992311843,50.03877798759105,17.822384171837065,0.8291956096574049
1,Vlaanderen,94.29711720454402,93.31047370000111,85.03498394331453,54.567802919464704,8.265729810616303
2,Duitstalige gemeenschap,82.2983966511334,80.9762262064608,66.23647421214754,23.92386067451228,1.9951030724271384
3,Wallonië,85.91529600767093,84.74303385608326,67.87534187620821,25.71382210241076,1.2630669958210847
