,Regio,Minstens één dosis,Volledig gevaccineerd,Boosterprik,2de boosterprik,3de boosterprik
0,Brussel,76.37145518613434,74.7965209401133,49.96122201240895,17.346932323981655,0.7480568856217966
1,Vlaanderen,94.28169019301357,93.29793578066604,85.02272382130595,54.429682088739575,8.141980361581
2,Duitstalige gemeenschap,82.29207803491036,80.96990759023774,66.22067767158993,23.775373193270674,1.9477134507542848
3,Wallonië,85.90026116468515,84.7305924358969,67.84919737068984,25.37033376650503,1.2158246453669552
