,Regio,Minstens één dosis,Volledig gevaccineerd,Boosterprik,2de boosterprik,3de boosterprik
0,Brussel,76.47250977879688,74.88271766253035,50.06512172916104,17.901836896412192,0.8644962233612086
1,Vlaanderen,94.30543260451661,93.31808534674663,85.04137328182354,54.59613824676551,8.288935147288143
2,Duitstalige gemeenschap,82.30313561330068,80.98254482268383,66.24279282837058,23.933338598846852,2.0108996129847565
3,Wallonië,85.92440803372291,84.7520407433731,67.88490950356281,25.75731450368196,1.278802763887779
