,Regio,Minstens één dosis,Volledig gevaccineerd,Boosterprik,2de boosterprik,3de boosterprik
0,Brussel,76.52719938629619,74.93319227137847,50.09979009306716,17.941141758834636,0.8951603385486917
1,Vlaanderen,94.31847055903934,93.33028990928992,85.04896640874729,54.6053611180046,8.302269418959112
2,Duitstalige gemeenschap,82.31419319169102,80.98886343890688,66.24753179053788,23.938077561014136,2.0156385751520416
3,Wallonië,85.93783074902255,84.76553355118085,67.89587898107922,25.77658994340731,1.2933469593169065
