,Regio,Minstens één dosis,Volledig gevaccineerd,Boosterprik,2de boosterprik,3de boosterprik
0,Brussel,76.3279353250607,74.75879670218507,49.88514128675479,16.450191360938764,0.644894793633666
1,Vlaanderen,94.27035606209327,93.288472151744,85.00792648371552,54.07887962486249,7.966893966612465
2,Duitstalige gemeenschap,82.28891872679883,80.96516862807044,66.19856251480925,23.1624674196351,1.8545138614643395
3,Wallonië,85.89181501746005,84.72288226000676,67.82501545539803,24.803215283531205,1.1581735574611371
