,Regio,Minstens één dosis,Volledig gevaccineerd,Boosterprik,2de boosterprik,3de boosterprik
0,Brussel,76.31655482870245,74.74667858106285,49.859219045049905,16.086226227407607,0.615495178041543
1,Vlaanderen,94.26652245898785,93.2846941081039,85.00227793807711,53.8842733377534,7.903445057244769
2,Duitstalige gemeenschap,82.29049838085459,80.9667482821262,66.18434562830741,22.770713213806175,1.8023852776242004
3,Wallonië,85.88974728847133,84.72067434600186,67.81642912315674,24.600823166415033,1.1402649216435852
