,Regio,Minstens één dosis,Volledig gevaccineerd,Boosterprik,2de boosterprik,3de boosterprik
0,Brussel,76.48115052603183,74.89083153493391,50.071865727002965,17.913533517669276,0.8709240963042892
1,Vlaanderen,94.30724754704961,93.31962249195314,85.04246595130769,54.597453154110845,8.290046336594056
2,Duitstalige gemeenschap,82.30787457546798,80.9841244767396,66.24437248242636,23.933338598846852,2.0108996129847565
3,Wallonië,85.9272117340466,84.75480939744274,67.88774825014053,25.764078430712857,1.281956926751927
