,Regio,Minstens één dosis,Volledig gevaccineerd,Boosterprik,2de boosterprik,3de boosterprik
0,Brussel,76.51444901537631,74.92096877528999,50.09199234556245,17.934081636093875,0.8905238400323713
1,Vlaanderen,94.31478511450806,93.3268822620851,85.04720702567958,54.60356469529337,8.299528485337856
2,Duitstalige gemeenschap,82.3110338835795,80.98728378485112,66.24753179053788,23.938077561014136,2.01405892109628
3,Wallonië,85.93443126238009,84.76209901828433,67.89335565078791,25.773856335591717,1.2915596003605558
