,Regio,Minstens één dosis,Volledig gevaccineerd,Boosterprik,2de boosterprik,3de boosterprik
0,Brussel,76.50464914351227,74.91074740356083,50.0875665969787,17.930393512274076,0.8859927164823308
1,Vlaanderen,94.31315537019272,93.32517843848271,85.04624399494779,54.60258314473981,8.29741722565662
2,Duitstalige gemeenschap,82.30945422952374,80.98570413079536,66.24753179053788,23.934918252902616,2.0108996129847565
3,Wallonië,85.93232848713733,84.76006633554965,67.89195380062607,25.77220916165155,1.289632056388021
