,Regio,Minstens één dosis,Volledig gevaccineerd,Boosterprik,2de boosterprik,3de boosterprik
0,Brussel,76.3674509374157,74.79325431615862,49.95690163879147,17.30699521176153,0.7433150121391962
1,Vlaanderen,94.2813568362218,93.29749130494368,85.02239046451417,54.423792785418236,8.138961630633267
2,Duitstalige gemeenschap,82.29207803491036,80.96990759023774,66.22067767158993,23.775373193270674,1.9477134507542848
3,Wallonië,85.89970042462042,84.73027701961048,67.84793570554419,25.345976619943002,1.2127756212649454
