,Regio,Minstens één dosis,Volledig gevaccineerd,Boosterprik,2de boosterprik,3de boosterprik
0,Brussel,76.5182425141624,74.92444614917724,50.09409984488805,17.935978385486916,0.8917883396277313
1,Vlaanderen,94.3156185064875,93.32769713424278,85.04768854104549,54.60417584941163,8.30091747197025
2,Duitstalige gemeenschap,82.30945422952374,80.98570413079536,66.24753179053788,23.938077561014136,2.01405892109628
3,Wallonië,85.93590320505002,84.76343077593809,67.89405657586883,25.77466239943477,1.2921904329333855
