,Regio,Minstens één dosis,Volledig gevaccineerd,Boosterprik,2de boosterprik,3de boosterprik
0,Brussel,76.28504771378472,74.7152768411114,49.76733207445373,14.799914014027514,0.5207630833558133
1,Vlaanderen,94.2568551120264,93.27417484934125,84.98209133235302,52.93628070123453,7.693652516288184
2,Duitstalige gemeenschap,82.26996287812969,80.94305347128979,66.11168154174236,21.736039807282207,1.6839112234420663
3,Wallonië,85.8844903503644,84.71541740789495,67.78884772122247,23.790063125312788,1.0923917386166262
