,Regio,Minstens één dosis,Volledig gevaccineerd,Boosterprik,2de boosterprik,3de boosterprik
0,Brussel,76.32993744942002,74.76153645130833,49.891463784731584,16.51373246560561,0.6518495414081468
1,Vlaanderen,94.27102277567681,93.28893514728814,85.00877839551673,54.11184490760461,7.982283938499377
2,Duitstalige gemeenschap,82.28891872679883,80.96516862807044,66.2048811310323,23.333070057657373,1.8687307479661952
3,Wallonië,85.8921654800005,84.72323272254721,67.82617198178156,24.838156398815155,1.1609422115307784
