,Regio,Minstens één dosis,Volledig gevaccineerd,Boosterprik,2de boosterprik,3de boosterprik
0,Brussel,76.22972585648773,74.65879585918532,49.50241940922579,9.442545353385487,0.29726277987591043
1,Vlaanderen,94.23509432145225,93.25476607613128,84.8642126668173,39.758020008815436,5.806019682866572
2,Duitstalige gemeenschap,82.2241529105126,80.8925045415054,65.7752152278651,13.870942263644261,1.0994392228102046
3,Wallonië,85.87068212627025,84.70350168151927,67.67032129003859,18.81272403317899,0.8490655967746232
