,Regio,Minstens één dosis,Volledig gevaccineerd,Boosterprik,2de boosterprik,3de boosterprik
0,Brussel,76.47777852711087,74.8876702859455,50.069547477744806,17.90763251955759,0.8671305975182089
1,Vlaanderen,94.30630303613958,93.31875206033017,85.04185479718943,54.59680496034907,8.289583341049926
2,Duitstalige gemeenschap,82.30629492141222,80.9841244767396,66.24437248242636,23.933338598846852,2.0108996129847565
3,Wallonië,85.92605520766308,84.753477639789,67.88648658499487,25.760854175340615,1.2805550765900837
