,Regio,Minstens één dosis,Volledig gevaccineerd,Boosterprik,2de boosterprik,3de boosterprik
0,Brussel,76.53099288508227,74.93635352036688,50.1011599676288,17.942617008362557,0.8968463380091718
1,Vlaanderen,94.3193409906623,93.33116034091287,85.04929976553906,54.60556483604402,8.302473136998529
2,Duitstalige gemeenschap,82.31735249980254,80.99044309296264,66.24911144459364,23.938077561014136,2.0156385751520416
3,Wallonië,85.93937278420059,84.76686530883461,67.896474767398,25.777220775980137,1.2935922830952291
