,Regio,Minstens één dosis,Volledig gevaccineerd,Boosterprik,2de boosterprik,3de boosterprik
0,Brussel,76.38136043296467,74.80368643782033,49.976817507418396,17.46969415969787,0.761650256271918
1,Vlaanderen,94.28367181394246,93.29954700515962,85.02414984758187,54.44888714391013,8.158648201169711
2,Duitstalige gemeenschap,82.29523734302188,80.9714872442935,66.22383697970145,23.776952847326434,1.9477134507542848
3,Wallonië,85.90218870865769,84.73266016488562,67.8531926436511,25.453113018561897,1.222693711159989
