,Regio,Minstens één dosis,Volledig gevaccineerd,Boosterprik,2de boosterprik,3de boosterprik
0,Brussel,76.26376197059616,74.69188359859726,49.66849035608308,13.022765207715134,0.43298573644456434
1,Vlaanderen,94.2487063904497,93.26741511439694,84.94455165363487,49.6455306114134,7.242324459869398
2,Duitstalige gemeenschap,82.2525866835163,80.92725693073217,65.98372956322565,19.235447437011295,1.4106310717952768
3,Wallonië,85.88017966111674,84.71072120985276,67.75201410822002,22.38029251005477,1.0192502064224362
