,Regio,Minstens één dosis,Volledig gevaccineerd,Boosterprik,2de boosterprik,3de boosterprik
0,Brussel,76.40580742514163,74.82191630698678,50.00484724844888,17.65536485028325,0.7943164958187212
1,Vlaanderen,94.28863512617555,93.30373248487857,85.02924279856731,54.514299154384936,8.219152458876735
2,Duitstalige gemeenschap,82.29681699707764,80.97306689834926,66.23015559592449,23.844877971724195,1.96982860753495
3,Wallonië,85.90856712689407,84.73704094664137,67.86349624234063,25.60798241519157,1.2421093359015227
