,Regio,Minstens één dosis,Volledig gevaccineerd,Boosterprik,2de boosterprik,3de boosterprik
0,Brussel,76.3047528324791,74.7348765848395,49.82349693148098,15.656507114917723,0.576295690585379
1,Vlaanderen,94.26342964875306,93.28141609965147,84.99668495190403,53.70639044969832,7.838125645878784
2,Duitstalige gemeenschap,82.28102045652003,80.95569070373588,66.16854908774978,22.589052997393573,1.7755311586762499
3,Wallonië,85.88785479075284,84.71874680202932,67.8074222358669,24.348104628488677,1.123092257161001
