,Regio,Minstens één dosis,Volledig gevaccineerd,Boosterprik,2de boosterprik,3de boosterprik
0,Brussel,76.31023233072565,74.74003995818721,49.83793330186134,15.830165059347182,0.5944201847855409
1,Vlaanderen,94.26504087324663,93.28297176467973,84.99948144499058,53.76420933324938,7.860775387897667
2,Duitstalige gemeenschap,82.28417976463155,80.9588500118474,66.17486770397282,22.59695126767238,1.7755311586762499
3,Wallonië,85.88880103961209,84.71951781961833,67.81036612120677,24.456502692253235,1.1297860916838043
