,Regio,Minstens één dosis,Volledig gevaccineerd,Boosterprik,2de boosterprik,3de boosterprik
0,Brussel,76.50011801996224,74.90790227947127,50.08577522255193,17.927443013218237,0.8835690922578904
1,Vlaanderen,94.31243309714388,93.32453024472093,85.04581803904719,54.60221274830451,8.29613935795482
2,Duitstalige gemeenschap,82.30945422952374,80.9841244767396,66.24753179053788,23.934918252902616,2.0108996129847565
3,Wallonië,85.93173270081854,84.75940045672277,67.8916033380856,25.770982542759935,1.2891414088313755
